0,2.013766,-0.608261,9.608321,0.016182,0.015886,-0.011883
10000000,2.083096,-0.703744,9.569083,-0.001871,0.008497,-0.003859
20000000,2.054484,-0.721877,9.638292,-0.011747,0.004359,-0.015509
30000000,2.087503,-0.668786,9.560878,0.008846,-0.000544,-0.003816
40000000,1.947183,-0.658388,9.653975,-0.006419,-0.012836,-0.000940
50000000,1.966451,-0.605236,9.598873,-0.008763,-0.012333,-0.004827
60000000,2.040154,-0.651013,9.692300,0.009544,0.016001,-0.012601
70000000,1.996439,-0.644672,9.575609,-0.001893,0.012129,-0.004507
80000000,2.024639,-0.679374,9.611275,-0.006061,0.018560,-0.009391
90000000,1.984763,-0.670279,9.635948,0.002733,0.007872,-0.002095
100000000,2.010884,-0.707203,9.610291,-0.017664,-0.007021,0.001003
110000000,2.099380,-0.593063,9.682833,-0.014598,0.014996,-0.002739
120000000,2.070572,-0.676743,9.605433,0.005605,-0.002304,-0.008372
130000000,2.116638,-0.739562,9.577065,0.001433,-0.004594,0.009062
140000000,2.007513,-0.598039,9.485934,0.012010,0.003169,-0.000962
150000000,2.054599,-0.745501,9.609458,0.003126,0.003318,-0.017408
160000000,2.001549,-0.690954,9.593783,0.002367,-0.000372,0.013690
170000000,2.015767,-0.715576,9.540574,-0.005286,0.005348,-0.005105
180000000,2.090304,-0.617568,9.606301,0.013696,0.005350,-0.012840
190000000,2.082755,-0.562959,9.528634,0.013706,-0.002794,-0.006685
200000000,2.010221,-0.678057,9.510779,-0.012392,0.011761,0.015603
210000000,2.094527,-0.627704,9.504039,0.006204,0.009744,0.001541
220000000,2.012054,-0.785480,9.595639,0.009379,0.007975,0.003538
230000000,2.077877,-0.627589,9.534654,-0.015246,-0.000078,-0.005804
240000000,2.049555,-0.577233,9.563404,-0.004165,-0.000532,-0.001935
250000000,1.992088,-0.557894,9.552129,-0.001472,-0.018313,0.006242
260000000,2.043855,-0.572599,9.500135,-0.023324,0.010369,0.006444
270000000,2.069651,-0.705869,9.580788,-0.007487,-0.010945,0.010140
280000000,2.071662,-0.660082,9.618037,0.002739,-0.008101,0.010704
290000000,2.009248,-0.637523,9.542738,-0.001253,-0.012714,-0.003387
300000000,2.061705,-0.767988,9.582428,0.007778,-0.002822,-0.002770
310000000,2.027108,-0.696893,9.556164,0.006191,-0.012171,0.006607
320000000,2.093682,-0.694423,9.611393,0.009768,0.030982,-0.026275
330000000,2.018433,-0.720798,9.607876,-0.004826,-0.005860,-0.003554
340000000,2.001698,-0.729102,9.538221,0.008924,0.027594,0.016168
350000000,1.985477,-0.678437,9.543285,-0.007658,-0.010610,0.008391
360000000,2.038414,-0.576809,9.549562,0.000667,0.002901,0.000791
370000000,1.999508,-0.733631,9.527267,-0.026263,0.007389,0.002432
380000000,1.984149,-0.630873,9.514300,-0.005925,-0.029336,0.003030
390000000,2.044662,-0.742321,9.598475,0.000330,0.002384,-0.005805
400000000,2.105195,-0.702031,9.532741,0.006318,0.008393,-0.022297
410000000,2.000782,-0.586012,9.509104,-0.005008,0.001509,0.013348
420000000,2.052033,-0.682294,9.471120,-0.009324,0.005824,0.008951
430000000,2.044240,-0.634984,9.518099,-0.017140,0.000540,0.013830
440000000,1.979644,-0.702539,9.585481,0.016116,-0.008646,-0.023979
450000000,2.002822,-0.711192,9.592531,0.003758,-0.008425,0.012468
460000000,2.025104,-0.680278,9.611878,0.007151,0.003710,-0.007510
470000000,2.043481,-0.644291,9.521327,-0.008421,0.028145,0.008482
480000000,2.050124,-0.754137,9.618606,0.004910,-0.011483,-0.009142
490000000,2.046416,-0.719311,9.638629,-0.012559,0.004751,0.007288
500000000,2.085813,-0.680754,9.584604,0.003957,0.009778,-0.005338
510000000,2.056726,-0.634408,9.587072,0.004501,0.018311,0.013882
520000000,1.996619,-0.694029,9.717278,0.018554,-0.004987,-0.005206
530000000,1.996803,-0.749531,9.570391,-0.006118,-0.005345,-0.009833
540000000,2.106497,-0.705590,9.611261,0.007378,0.004668,0.010617
550000000,2.103266,-0.554630,9.643702,-0.012929,-0.009102,0.000197
560000000,1.971108,-0.598754,9.530126,-0.014754,0.005179,-0.024591
570000000,1.994841,-0.570306,9.522701,-0.003050,0.011460,-0.005828
580000000,2.041635,-0.558155,9.613501,-0.000231,0.011254,-0.006792
590000000,2.130215,-0.579364,9.571928,-0.006013,-0.016709,0.005488
600000000,2.045902,-0.689084,9.607452,-0.007077,0.013502,0.005333
610000000,2.037212,-0.775189,9.650012,-0.002107,0.004725,0.000732
620000000,1.984764,-0.721206,9.549773,0.006944,-0.004578,-0.019950
630000000,1.979139,-0.724152,9.551147,-0.001604,0.011354,-0.021050
640000000,2.049463,-0.647752,9.578248,-0.001261,-0.000911,0.010499
650000000,2.002862,-0.699953,9.551356,0.015623,0.001682,-0.018782
660000000,2.078166,-0.687485,9.595372,0.004159,-0.007670,0.010243
670000000,2.073093,-0.772034,9.610852,0.010568,-0.010517,-0.010368
680000000,2.104372,-0.686149,9.610532,0.009849,0.002992,0.000046
690000000,2.009522,-0.667973,9.689008,-0.002016,0.005543,-0.005681
700000000,2.049804,-0.698512,9.651423,-0.000226,-0.000660,-0.018674
710000000,1.999154,-0.713225,9.565607,0.011837,0.008170,0.017955
720000000,2.030076,-0.672889,9.566249,0.000321,0.003624,-0.005019
730000000,1.979395,-0.656048,9.625063,0.007970,0.009037,-0.005511
740000000,1.931966,-0.640805,9.532170,0.000877,0.012927,0.008984
750000000,2.020982,-0.559767,9.534144,-0.007601,0.008621,-0.024374
760000000,2.058531,-0.576479,9.590245,0.004032,-0.006549,0.001391
770000000,1.992272,-0.673957,9.560329,0.018310,0.012991,-0.004453
780000000,1.957010,-0.693320,9.552147,-0.002489,-0.001471,0.011983
790000000,2.120019,-0.613108,9.626358,-0.002557,-0.001295,-0.006285
800000000,1.980330,-0.679305,9.532680,0.001078,-0.008894,0.005789
810000000,1.998382,-0.659794,9.598198,-0.008556,-0.013698,0.008607
820000000,2.070242,-0.668233,9.634798,0.017228,-0.020389,0.007154
830000000,2.080919,-0.674452,9.543593,0.014731,-0.015611,0.004086
840000000,2.018330,-0.719802,9.588665,-0.001554,-0.000638,0.005480
850000000,2.015440,-0.670335,9.553978,-0.008737,-0.003317,0.002172
860000000,2.037707,-0.599550,9.553896,-0.012878,-0.001392,-0.008537
870000000,1.933254,-0.675416,9.545276,0.019330,0.001368,0.005306
880000000,2.054343,-0.627199,9.581177,0.042531,0.014102,0.011458
890000000,2.070343,-0.613866,9.636582,0.001266,-0.011004,0.003782
900000000,2.047651,-0.644288,9.628901,0.007657,0.017973,-0.019203
910000000,2.129697,-0.652185,9.527732,0.012598,-0.001814,0.013521
920000000,2.048896,-0.604115,9.600354,-0.004159,0.011700,0.003267
930000000,2.047630,-0.711609,9.540859,0.001073,-0.008109,-0.002493
940000000,2.000201,-0.657865,9.635181,-0.005691,0.002067,-0.015556
950000000,1.983413,-0.625201,9.595507,-0.009848,0.007720,-0.005875
960000000,1.948564,-0.671011,9.537004,0.013248,-0.010213,0.001734
970000000,2.057422,-0.590521,9.544736,0.005871,-0.017543,0.003861
980000000,1.977241,-0.684155,9.650300,0.013147,0.003253,-0.002366
990000000,2.060952,-0.703968,9.504650,-0.010081,0.014266,0.004157
1000000000,2.020836,-0.626054,9.609138,0.005590,-0.004077,-0.007159
1010000000,2.044911,-0.625698,9.614006,0.018132,0.007818,-0.008040
1020000000,1.998437,-0.682043,9.618257,0.035009,-0.022921,0.011559
1030000000,2.043537,-0.721394,9.513736,-0.003908,-0.001390,-0.005601
1040000000,2.004072,-0.681975,9.567364,0.003407,0.001338,0.006422
1050000000,2.051978,-0.531641,9.559175,-0.000249,0.002213,-0.006993
1060000000,2.034086,-0.713135,9.493462,-0.019313,0.006054,0.006514
1070000000,2.078647,-0.636349,9.604097,-0.010847,0.002231,-0.002977
1080000000,2.039344,-0.646379,9.575969,-0.004055,0.016441,0.009879
1090000000,2.006307,-0.717611,9.638875,0.001170,-0.008194,0.004316
1100000000,2.064055,-0.637865,9.587899,-0.008086,-0.001437,0.007215
1110000000,2.088166,-0.704245,9.563815,-0.009960,0.004514,-0.007734
1120000000,1.997556,-0.668018,9.562619,0.002277,0.000380,-0.003357
1130000000,2.033423,-0.684417,9.616536,0.009696,0.006863,-0.005777
1140000000,2.049842,-0.667423,9.634917,-0.008701,0.014638,-0.008518
1150000000,2.002572,-0.604545,9.543721,-0.000375,0.005057,0.017757
1160000000,2.016434,-0.746221,9.605132,-0.009612,-0.001620,-0.000503
1170000000,2.025880,-0.675940,9.570977,-0.016816,-0.010946,0.024963
1180000000,2.017720,-0.654010,9.611199,0.011308,0.008320,0.004675
1190000000,2.103355,-0.646248,9.567266,-0.014720,-0.023044,-0.004104
1200000000,2.028040,-0.691885,9.627042,-0.014674,-0.003380,0.004661
1210000000,2.043831,-0.682578,9.567122,0.000556,0.000523,0.008014
1220000000,2.029055,-0.675476,9.597500,0.000875,-0.012646,0.005721
1230000000,2.131220,-0.617455,9.517765,-0.012520,-0.000118,0.001289
1240000000,2.086903,-0.596352,9.638065,0.004570,0.002701,0.008901
1250000000,1.949228,-0.674776,9.524199,-0.002406,0.011188,-0.015306
1260000000,2.012968,-0.708894,9.517083,-0.007437,-0.022891,-0.006638
1270000000,2.065592,-0.641220,9.493530,-0.012248,-0.006497,-0.002149
1280000000,2.054829,-0.670820,9.586781,-0.016876,-0.007867,0.012243
1290000000,1.950983,-0.623646,9.515578,0.004010,-0.000772,-0.000839
1300000000,2.068934,-0.674791,9.652903,0.001961,0.007249,-0.001548
1310000000,2.068613,-0.614943,9.579923,-0.007902,-0.003777,-0.000708
1320000000,2.010920,-0.604879,9.640984,-0.010319,-0.003638,0.005595
1330000000,2.035269,-0.748736,9.500938,0.014834,0.011754,0.002373
1340000000,2.037777,-0.696538,9.560153,0.007787,0.004093,0.013524
1350000000,1.987597,-0.600487,9.678047,0.001484,0.009092,0.007643
1360000000,2.091331,-0.687424,9.532523,-0.002371,-0.014140,-0.005592
1370000000,1.998898,-0.645899,9.507570,-0.003748,-0.003118,0.004345
1380000000,2.078142,-0.611688,9.578716,-0.008173,-0.013330,0.020683
1390000000,2.014828,-0.561266,9.445632,-0.000221,0.004973,0.006051
1400000000,2.049785,-0.766318,9.589639,0.000540,0.004872,0.001256
1410000000,2.055232,-0.652002,9.585700,-0.008480,-0.016887,0.015739
1420000000,1.983971,-0.672391,9.551274,0.006917,0.007717,0.013063
1430000000,2.036076,-0.638437,9.618471,0.015132,-0.001175,0.001651
1440000000,1.990251,-0.653439,9.491336,0.011621,0.017660,-0.021240
1450000000,2.098152,-0.675933,9.529240,0.010805,0.004821,0.002701
1460000000,1.937451,-0.637414,9.613655,0.000523,0.000756,-0.008101
1470000000,1.894338,-0.553538,9.594645,-0.015820,0.007688,0.004193
1480000000,1.981538,-0.676047,9.569947,-0.000806,-0.001446,-0.000544
1490000000,2.118306,-0.659635,9.574700,-0.006048,-0.001052,-0.021753
1500000000,2.007811,-0.723375,9.665078,-0.012032,-0.007336,-0.007987
1510000000,2.095037,-0.723116,9.566477,0.000702,-0.010142,0.002311
1520000000,1.985003,-0.684999,9.533592,0.004822,-0.010950,-0.009172
1530000000,2.060774,-0.757600,9.521745,0.005666,-0.028925,0.016925
1540000000,1.981033,-0.651134,9.539808,-0.010139,-0.004745,-0.012980
1550000000,2.010496,-0.712452,9.577358,-0.008933,-0.010388,0.000943
1560000000,2.010720,-0.775446,9.564467,-0.003329,-0.009106,0.000418
1570000000,2.050067,-0.610511,9.517110,-0.020773,0.014266,-0.000898
1580000000,2.089609,-0.595954,9.530062,0.006962,-0.002030,-0.004005
1590000000,2.040790,-0.595531,9.601182,0.006612,-0.014509,0.001827
1600000000,2.029487,-0.636203,9.567579,0.006198,0.013624,-0.022276
1610000000,1.959915,-0.684380,9.660676,0.005313,-0.003907,-0.005790
1620000000,2.096184,-0.619730,9.576146,0.000336,-0.004910,-0.007340
1630000000,2.122805,-0.631917,9.454213,-0.020359,-0.002639,-0.004048
1640000000,1.994861,-0.623315,9.549930,-0.003556,0.000474,-0.004748
1650000000,1.981814,-0.769438,9.592754,0.009092,-0.004443,-0.003118
1660000000,2.078107,-0.684839,9.695574,0.013687,-0.011073,0.011663
1670000000,2.005316,-0.682956,9.394018,0.006002,-0.008095,0.001650
1680000000,2.052886,-0.584649,9.676510,0.015242,0.005374,-0.018813
1690000000,2.108936,-0.716350,9.556957,0.017744,-0.012530,-0.009420
1700000000,2.026309,-0.630520,9.653336,0.004249,-0.015346,-0.022318
1710000000,2.099379,-0.661379,9.604968,-0.000272,-0.002992,-0.002064
1720000000,1.988992,-0.688991,9.490132,-0.002161,0.002234,-0.006201
1730000000,2.035673,-0.668395,9.553338,0.008825,-0.007579,0.016661
1740000000,1.945779,-0.599541,9.487196,-0.007932,0.005372,0.005277
1750000000,2.036364,-0.652173,9.580997,0.010040,0.024155,0.014909
1760000000,2.170395,-0.712055,9.547065,0.006391,-0.006994,-0.009919
1770000000,2.078377,-0.686031,9.505060,0.011867,0.000557,0.017302
1780000000,1.959123,-0.660033,9.540039,0.005641,0.013655,-0.002503
1790000000,2.056947,-0.535036,9.582347,-0.004888,-0.002112,-0.020086
1800000000,2.081297,-0.549277,9.547117,-0.020022,-0.005604,-0.010937
1810000000,2.032279,-0.705091,9.576258,0.001454,-0.011342,0.011784
1820000000,2.018928,-0.699808,9.587764,0.024480,-0.006869,-0.006371
1830000000,2.016768,-0.689385,9.639110,0.023783,-0.002968,-0.007724
1840000000,2.074896,-0.643108,9.594955,-0.011576,-0.004386,0.009579
1850000000,2.035148,-0.664541,9.543028,0.008804,0.005380,0.004430
1860000000,2.027679,-0.658492,9.610808,-0.005781,0.005803,-0.003710
1870000000,2.072323,-0.690621,9.552393,0.003586,0.006785,-0.005701
1880000000,2.111493,-0.611157,9.574792,-0.010682,-0.013909,0.009837
1890000000,2.084495,-0.716263,9.652055,0.002303,0.013199,-0.002003
1900000000,2.014959,-0.582761,9.559815,-0.006693,0.022255,-0.018641
1910000000,2.080014,-0.589718,9.552552,0.003733,0.000958,0.027288
1920000000,1.977621,-0.702841,9.614167,-0.023014,0.006314,0.000743
1930000000,2.028231,-0.656673,9.563799,-0.007392,0.021856,0.007538
1940000000,1.990336,-0.678164,9.595291,0.007755,0.014000,-0.010660
1950000000,2.030857,-0.679193,9.563168,0.012508,0.002517,0.003241
1960000000,2.158934,-0.673905,9.583889,0.009256,0.001719,-0.006282
1970000000,2.123569,-0.720626,9.628616,0.004552,-0.007178,0.007951
1980000000,2.061142,-0.700851,9.599974,0.016049,-0.000368,0.005104
1990000000,2.124517,-0.684002,9.535431,0.003450,0.013121,0.001490
2000000000,1.996503,-0.682774,9.631733,-0.009763,0.002725,-0.025153
2010000000,2.085176,-0.566550,9.572707,0.000560,-0.011919,-0.000464
2020000000,2.074580,-0.629288,9.591784,0.016942,0.011816,0.017906
2030000000,2.244468,-0.555931,9.633915,0.006048,-0.014703,0.005866
2040000000,2.227062,-0.490000,9.570089,0.004384,-0.014334,-0.018643
2050000000,2.291216,-0.525744,9.436707,-0.014366,0.005460,0.001403
2060000000,2.369969,-0.530724,9.518677,0.006558,-0.014356,0.009991
2070000000,2.362789,-0.439395,9.549114,0.002496,0.006690,0.009869
2080000000,2.529114,-0.365516,9.471902,0.011492,-0.018916,0.001655
2090000000,2.537952,-0.388618,9.452447,-0.006685,0.002923,-0.004892
2100000000,2.562294,-0.401621,9.460666,0.004139,-0.003831,0.005831
2110000000,2.607570,-0.279397,9.453165,-0.002326,0.001072,-0.015509
2120000000,2.747539,-0.200032,9.394701,-0.006127,-0.010945,0.006145
2130000000,2.645428,-0.270424,9.416351,0.005839,-0.017628,-0.014800
2140000000,2.786557,-0.166234,9.340691,-0.021521,-0.002695,0.001935
2150000000,2.810350,-0.251138,9.548014,0.003409,-0.000985,0.008550
2160000000,2.857076,-0.178792,9.365471,-0.000062,-0.012681,-0.000806
2170000000,2.954542,-0.098318,9.405862,-0.004632,-0.006040,0.012313
2180000000,3.022073,-0.175432,9.439003,0.021012,0.001950,0.005532
2190000000,2.982945,-0.119665,9.409759,-0.000492,-0.002521,0.010651
2200000000,3.055793,-0.026568,9.392376,0.008295,-0.016528,-0.006647
2210000000,3.055825,0.079280,9.359584,-0.001577,-0.005919,0.006117
2220000000,3.241920,0.019533,9.301380,-0.011796,0.004766,-0.003976
2230000000,3.249579,0.060516,9.426616,-0.001049,0.014707,0.019836
2240000000,3.292315,0.089144,9.402513,-0.025647,0.015180,0.018167
2250000000,3.400009,-0.007925,9.302187,0.025665,-0.025418,-0.000765
2260000000,3.433264,0.237706,9.285919,-0.007850,-0.014109,-0.002930
2270000000,3.442469,0.302509,9.348120,0.005079,-0.003957,0.013040
2280000000,3.508975,0.238402,9.339283,0.017322,-0.010029,-0.004435
2290000000,3.609519,0.216604,9.273756,0.000485,-0.006056,-0.006843
2300000000,3.731181,0.292718,9.286648,-0.007347,-0.002983,0.013569
2310000000,3.683686,0.420634,9.328682,0.003142,-0.009404,0.007931
2320000000,3.810409,0.388889,9.301685,-0.001366,0.005903,0.004089
2330000000,3.803074,0.319275,9.252783,-0.008731,-0.011899,-0.010125
2340000000,3.820810,0.427998,9.244815,-0.001518,0.001794,0.010571
2350000000,3.916322,0.416499,9.340523,0.018193,0.011512,0.004524
2360000000,3.884089,0.417347,9.219194,-0.013260,-0.015093,0.000872
2370000000,4.035555,0.486589,9.275368,-0.004497,0.012028,-0.014999
2380000000,4.028182,0.615500,9.267754,-0.001940,0.010968,-0.007124
2390000000,4.000906,0.612206,9.256773,-0.009722,0.010595,0.001891
2400000000,4.156922,0.626129,9.258666,0.005036,-0.005339,-0.026869
2410000000,4.153826,0.587642,9.210961,-0.005469,-0.008766,0.009159
2420000000,4.176814,0.701885,9.295383,-0.007096,-0.008264,-0.009310
2430000000,4.095324,0.668555,9.196482,0.003745,0.000600,0.009354
2440000000,4.112085,0.635370,9.153305,0.008591,0.000615,-0.001492
2450000000,4.203303,0.745952,9.206987,0.001229,-0.001427,-0.002734
2460000000,4.218601,0.501903,9.319678,0.008010,0.005349,-0.001622
2470000000,4.155536,0.577269,9.189754,-0.002174,0.004777,-0.002788
2480000000,4.187707,0.627840,9.239181,0.012629,0.016723,0.021038
2490000000,4.083731,0.546763,9.224456,-0.000730,-0.015226,-0.017923
2500000000,4.128598,0.675687,9.242301,-0.004220,-0.001361,0.005837
2510000000,4.025911,0.635258,9.279391,-0.007739,-0.003655,0.011130
2520000000,4.070619,0.583215,9.198659,0.009672,0.009782,-0.015438
2530000000,4.191180,0.613530,9.241071,0.008401,-0.005622,-0.024260
2540000000,4.163732,0.626660,9.297541,-0.008680,-0.007006,-0.004914
2550000000,4.151279,0.583879,9.174693,0.000418,0.003145,0.011298
2560000000,4.157121,0.639617,9.225969,-0.015085,0.011224,0.015529
2570000000,4.101864,0.570987,9.195369,-0.001477,-0.006125,-0.002140
2580000000,4.236422,0.578785,9.208327,0.016403,0.008557,-0.023293
2590000000,4.251773,0.603411,9.201061,-0.014410,0.002011,-0.008845
2600000000,4.104756,0.538839,9.189281,0.002759,0.001168,-0.027301
2610000000,4.174233,0.611625,9.239129,0.010770,0.005124,0.003550
2620000000,4.224600,0.649227,9.246214,0.008950,0.012631,0.014096
2630000000,4.187623,0.596989,9.229754,0.010061,-0.001591,0.022068
2640000000,4.106160,0.644479,9.231357,0.016481,0.007076,-0.012965
2650000000,4.165383,0.738027,9.159531,0.002265,0.005555,-0.002502
2660000000,4.203208,0.662645,9.179957,0.004232,-0.000703,-0.001760
2670000000,4.111180,0.668823,9.202616,0.016731,-0.019937,0.002473
2680000000,4.209998,0.632128,9.194807,0.012173,-0.017109,-0.015009
2690000000,4.162424,0.556653,9.207791,0.003373,0.018993,0.002928
2700000000,4.060068,0.573167,9.288311,-0.007013,0.001169,-0.006061
2710000000,4.124259,0.715475,9.313943,0.009974,0.011159,0.006205
2720000000,4.113911,0.666024,9.325830,0.009650,-0.001830,0.002869
2730000000,4.175857,0.536131,9.187894,0.009327,-0.004315,-0.000345
2740000000,4.168677,0.599503,9.239346,-0.001532,-0.004590,0.001501
2750000000,4.041314,0.604081,9.187220,-0.002311,-0.023876,-0.023988
2760000000,4.249825,0.667558,9.241478,0.002029,-0.000426,0.001672
2770000000,4.138380,0.563995,9.120856,-0.002544,-0.025870,0.007408
2780000000,4.203078,0.653689,9.160963,-0.009704,-0.013550,-0.004544
2790000000,4.153216,0.559360,9.262934,0.007535,-0.014403,0.004818
2800000000,4.148638,0.561811,9.132186,0.003694,-0.007722,0.008234
2810000000,4.084085,0.568189,9.219206,-0.006931,-0.000495,0.002897
2820000000,4.186961,0.615706,9.206711,-0.007086,0.005179,-0.014042
2830000000,4.203111,0.642773,9.149594,-0.005151,0.003734,0.011459
2840000000,4.159116,0.556609,9.152749,0.005069,0.005915,-0.005623
2850000000,4.136706,0.581585,9.218451,0.011284,0.010253,0.000488
2860000000,4.192638,0.617019,9.219857,-0.007407,-0.005446,-0.024729
2870000000,4.157844,0.690200,9.207633,0.003634,0.013367,-0.001550
2880000000,4.092465,0.637953,9.169769,0.000417,-0.005242,0.002094
2890000000,4.193835,0.620967,9.264227,0.008900,-0.008822,-0.000919
2900000000,4.204556,0.595392,9.163484,-0.010893,-0.000686,0.010305
2910000000,4.111918,0.618941,9.238047,-0.005692,0.003614,0.016717
2920000000,4.134380,0.596832,9.182645,-0.010725,0.008737,-0.004141
2930000000,4.082362,0.597360,9.194161,0.032738,0.003145,0.006771
2940000000,4.156711,0.660641,9.077291,0.001890,0.008315,0.012481
2950000000,4.267616,0.547386,9.276033,0.002741,0.019454,0.004784
2960000000,4.167088,0.662910,9.164938,0.010500,0.000590,0.002945
2970000000,4.203015,0.646753,9.149713,0.003645,0.002009,-0.001964
2980000000,4.219428,0.559557,9.241927,0.001957,0.004261,0.003144
2990000000,4.132924,0.653907,9.285748,-0.006879,0.005942,-0.007307
3000000000,4.211156,0.604003,9.199641,-0.006997,-0.011517,0.002283
3010000000,4.166645,0.674117,9.221910,0.003831,0.006620,0.005115
3020000000,4.160005,0.523714,9.198543,0.010428,-0.015480,0.003476
3030000000,4.134200,0.623797,9.167275,0.000432,-0.013967,-0.007170
3040000000,4.165648,0.675010,9.226576,-0.005758,-0.003174,0.014115
3050000000,4.135895,0.528044,9.155190,-0.023176,0.004624,-0.011176
3060000000,4.146667,0.616771,9.247193,-0.005148,-0.008628,0.007517
3070000000,4.210400,0.590938,9.219110,0.009785,0.025235,-0.008115
3080000000,4.148923,0.584782,9.219993,0.004771,-0.000550,0.012707
3090000000,4.123640,0.558669,9.223248,0.007511,0.013744,-0.006194
3100000000,4.083665,0.555447,9.208017,0.008220,-0.007523,-0.001906
3110000000,4.224364,0.521361,9.198225,-0.012017,-0.001679,-0.009048
3120000000,4.149491,0.666373,9.147903,0.004819,0.005328,0.010564
3130000000,4.162386,0.586289,9.238051,-0.010997,-0.000808,0.000528
3140000000,4.193882,0.554385,9.228691,-0.004002,0.006495,-0.004798
3150000000,4.113734,0.596771,9.264838,0.016400,0.001006,0.003375
3160000000,4.129428,0.679953,9.125752,-0.008620,-0.017043,0.005429
3170000000,4.135732,0.567548,9.248139,0.003091,-0.005977,-0.006242
3180000000,4.203573,0.674477,9.110186,0.011163,-0.000872,-0.015926
3190000000,4.205198,0.581187,9.184200,0.025701,0.004333,-0.005425
3200000000,4.233614,0.595966,9.270820,0.005183,0.012187,-0.007176
3210000000,4.162684,0.630964,9.151175,-0.004006,0.014228,-0.001819
3220000000,4.157209,0.604781,9.163411,-0.009590,0.002746,0.008098
3230000000,4.169439,0.508940,9.294267,-0.011017,-0.006720,-0.006159
3240000000,4.155823,0.546745,9.183624,0.008327,-0.017682,-0.015598
3250000000,4.166677,0.677610,9.195012,0.006095,-0.001494,-0.011693
3260000000,4.142948,0.607953,9.185247,-0.015744,-0.015297,-0.000191
3270000000,4.167983,0.643867,9.287758,0.004514,-0.012884,0.009708
3280000000,4.197364,0.661731,9.216298,-0.001299,0.016604,-0.002536
3290000000,4.165955,0.621722,9.212258,-0.003905,-0.002300,-0.036491
3300000000,4.183231,0.545589,9.275839,0.003198,0.014785,-0.002130
3310000000,4.107600,0.682544,9.352592,-0.005249,-0.002335,-0.006526
3320000000,4.124947,0.598059,9.163146,0.003080,-0.013640,0.010973
3330000000,4.075799,0.633400,9.236499,0.011189,-0.009607,0.004923
3340000000,4.173506,0.564541,9.225905,-0.004167,0.000843,0.006170
3350000000,4.187112,0.581753,9.217273,0.001649,0.003794,-0.018481
3360000000,4.165464,0.625857,9.282660,0.006334,0.005950,-0.015866
3370000000,4.199656,0.676839,9.207043,0.011094,-0.006086,0.002331
3380000000,4.204613,0.615341,9.264641,0.005978,0.005347,-0.028008
3390000000,4.268448,0.614845,9.191703,-0.011217,0.000984,-0.012522
3400000000,4.240273,0.587020,9.190435,-0.006388,0.001355,-0.012521
3410000000,4.168097,0.547268,9.206647,0.007441,0.009549,0.002973
3420000000,4.102058,0.575319,9.232160,-0.008100,0.012131,-0.001921
3430000000,4.156002,0.679304,9.194304,0.002247,0.001216,-0.003498
3440000000,4.157032,0.546503,9.212582,0.012964,0.009065,-0.011402
3450000000,4.138521,0.615067,9.210924,-0.007041,0.004544,-0.000064
3460000000,4.168944,0.576764,9.145846,0.006923,-0.010735,-0.007300
3470000000,4.136580,0.584437,9.244913,-0.001392,-0.001480,-0.012904
3480000000,4.237200,0.579445,9.233905,-0.011028,0.019060,-0.008308
3490000000,4.190890,0.577694,9.275392,0.012691,0.003160,0.000031
3500000000,4.129346,0.611636,9.265901,0.016008,0.017917,-0.000591
3510000000,4.159482,0.684893,9.175201,-0.004529,-0.003093,0.024639
3520000000,4.206578,0.621877,9.217293,-0.009271,0.018359,0.006827
3530000000,4.162402,0.644092,9.198418,-0.015979,-0.012755,-0.005121
3540000000,4.269948,0.577698,9.231228,0.007828,-0.008872,-0.004601
3550000000,4.210546,0.688416,9.175561,0.003447,0.008019,0.001997
3560000000,4.101443,0.632138,9.144327,0.004838,0.000129,-0.012408
3570000000,4.125353,0.591463,9.067721,-0.003383,-0.002390,-0.003806
3580000000,4.207449,0.596168,9.147573,0.004953,0.026544,-0.012022
3590000000,4.264106,0.618643,9.168408,0.013889,-0.010033,0.004536
3600000000,4.111557,0.529992,9.230083,-0.004280,0.006334,-0.017276
3610000000,4.153133,0.678256,9.235404,0.008738,-0.009928,-0.002780
3620000000,4.143869,0.531507,9.195302,-0.007671,-0.001043,-0.009723
3630000000,4.179320,0.662524,9.071752,-0.004979,-0.012047,0.012520
3640000000,4.169877,0.595522,9.103200,-0.014988,0.005242,0.001389
3650000000,4.078929,0.651459,9.159587,0.005318,-0.010492,-0.004435
3660000000,4.102037,0.588916,9.188411,0.013168,-0.007980,0.020508
3670000000,4.162375,0.602232,9.285560,0.004196,0.008077,0.004820
3680000000,4.225387,0.597063,9.222694,0.010702,0.001690,-0.014310
3690000000,4.209808,0.618019,9.132586,0.001941,-0.003720,0.001130
3700000000,4.136424,0.593742,9.200657,-0.003080,-0.006647,0.002267
3710000000,4.092113,0.600259,9.213992,0.026528,-0.010708,-0.003125
3720000000,4.173554,0.608329,9.226547,0.000664,0.002257,0.010407
3730000000,4.151046,0.593916,9.128504,0.002266,0.019955,0.027804
3740000000,4.149771,0.501859,9.312397,-0.004357,-0.008086,0.001467
3750000000,4.177074,0.567384,9.242911,0.003152,0.004798,-0.009339
3760000000,4.134690,0.621887,9.233372,-0.003242,-0.015297,-0.007312
3770000000,4.111613,0.672508,9.263696,-0.005542,0.005408,-0.001529
3780000000,4.156462,0.527153,9.230343,0.003901,0.014835,0.002395
3790000000,4.213346,0.691443,9.257397,0.005290,0.004939,0.010160
3800000000,4.105713,0.690257,9.302971,-0.007711,-0.002968,0.004499
3810000000,4.204608,0.593958,9.204350,-0.009711,0.005449,0.003710
3820000000,4.161432,0.603100,9.237668,0.003090,-0.005065,0.008414
3830000000,4.071399,0.583271,9.281578,0.003346,-0.002189,0.005387
3840000000,4.252548,0.573884,9.226871,0.010202,-0.006262,-0.001850
3850000000,4.181089,0.666549,9.187892,0.010593,-0.006812,-0.003643
3860000000,4.188265,0.712537,9.137339,-0.015917,0.013092,-0.020289
3870000000,4.211601,0.684348,9.164308,0.012396,-0.021810,0.009492
3880000000,4.099468,0.717879,9.132233,-0.020759,-0.009103,-0.007277
3890000000,4.170973,0.626977,9.152781,0.001484,0.013805,0.011701
3900000000,4.188685,0.676976,9.048643,-0.022053,0.007771,0.000662
3910000000,4.159338,0.606828,9.253583,0.012037,-0.003096,-0.007628
3920000000,4.139711,0.557274,9.089452,0.004780,-0.015138,0.026004
3930000000,4.189193,0.687189,9.133859,-0.018035,0.015459,0.002884
3940000000,4.194738,0.638477,9.260151,0.006062,0.000283,-0.013394
3950000000,4.206511,0.619175,9.180819,-0.003044,-0.012259,0.007393
3960000000,4.190687,0.599640,9.247700,-0.005436,-0.011190,-0.002871
3970000000,4.155578,0.524751,9.218400,0.023846,-0.012158,0.009613
3980000000,4.147334,0.631361,9.280376,0.011411,0.023582,-0.002664
3990000000,4.164814,0.647298,9.285951,-0.005793,0.015628,-0.007237
4000000000,4.140984,0.670237,9.157804,-0.001468,-0.001735,0.004192
4010000000,4.160493,0.582372,9.235461,0.008320,0.001076,-0.013486
4020000000,4.209663,0.557782,9.199331,0.002776,-0.012979,-0.001844
4030000000,4.165630,0.633952,9.206336,0.003165,-0.000348,-0.008721
4040000000,4.182315,0.634744,9.252502,-0.005961,0.000346,0.002895
4050000000,4.051346,0.670359,9.293730,-0.008430,0.013367,0.000636
4060000000,4.204430,0.620456,9.178366,-0.011776,0.005996,0.003955
4070000000,4.191976,0.552335,9.121736,-0.011591,0.003121,0.002106
4080000000,4.057011,0.647775,9.168244,0.010019,-0.007070,-0.009200
4090000000,4.118214,0.623722,9.226432,0.009476,-0.008048,0.018091
4100000000,4.185571,0.661105,9.195567,0.003633,-0.010275,-0.014024
4110000000,4.167147,0.623014,9.154246,-0.022113,-0.006320,-0.005040
4120000000,4.176891,0.639437,9.266638,-0.014858,0.001855,0.006552
4130000000,4.153163,0.632458,9.146042,-0.012450,0.007121,0.021039
4140000000,4.115249,0.570800,9.144467,0.001336,-0.006244,-0.000104
4150000000,4.237156,0.557487,9.224154,-0.011548,0.011920,0.010741
4160000000,4.052269,0.546078,9.105884,0.009537,0.009841,-0.002206
4170000000,4.078453,0.565660,9.221704,0.001892,0.012434,-0.009022
4180000000,4.165661,0.651917,9.172919,-0.003359,-0.001877,-0.006803
4190000000,4.202615,0.653434,9.221198,0.002386,-0.012563,-0.004029
4200000000,4.085218,0.554654,9.151399,-0.015452,0.012485,-0.007434
4210000000,4.123595,0.612662,9.274193,-0.000994,-0.005056,0.001983
4220000000,4.094311,0.642189,9.225482,0.009622,0.002350,0.011160
4230000000,4.071125,0.618504,9.132765,0.013324,-0.019585,-0.004810
4240000000,4.129227,0.556819,9.217797,0.014135,-0.011970,0.000112
4250000000,4.137839,0.693201,9.190820,0.000958,-0.004251,-0.020332
4260000000,4.124490,0.615013,9.216831,-0.010958,0.004555,0.008046
4270000000,4.114942,0.586056,9.185126,0.010791,0.009415,-0.023788
4280000000,4.113793,0.600646,9.200422,-0.010098,-0.013192,0.014405
4290000000,4.222091,0.642532,9.201182,-0.001224,-0.003146,-0.004507
4300000000,4.153708,0.626222,9.222879,0.009246,0.004638,0.000465
4310000000,4.077332,0.644313,9.140981,-0.009028,0.003909,0.005585
4320000000,4.108961,0.623103,9.275757,0.004467,-0.005396,0.001545
4330000000,4.158736,0.572129,9.159346,-0.003234,-0.012470,-0.008334
4340000000,4.081176,0.544125,9.176920,0.029279,0.005292,-0.005402
4350000000,4.144886,0.573035,9.133501,0.009036,-0.000805,0.006745
4360000000,4.170557,0.657956,9.213296,-0.001122,0.027558,0.001627
4370000000,4.094999,0.661896,9.194004,0.000220,-0.014691,0.000058
4380000000,4.191298,0.600895,9.159726,0.011420,0.004603,-0.010489
4390000000,4.162614,0.661351,9.214903,0.015316,0.006680,0.004019
4400000000,4.173098,0.590551,9.242257,-0.005636,0.009196,-0.005649
4410000000,4.125733,0.605748,9.194419,-0.002392,-0.003052,-0.003237
4420000000,4.193403,0.557907,9.204389,0.003871,0.000595,0.001900
4430000000,4.175242,0.671519,9.224977,0.005832,-0.011053,-0.000621
4440000000,4.197673,0.588258,9.246314,-0.000409,-0.011406,0.002266
4450000000,4.166401,0.634698,9.242366,0.008492,-0.009447,-0.005302
4460000000,4.157544,0.640485,9.191973,-0.008985,0.004226,-0.003109
4470000000,4.216514,0.570927,9.208486,-0.008878,-0.004601,0.000059
4480000000,4.131845,0.590290,9.223774,-0.014074,0.019659,-0.001783
4490000000,4.232061,0.609869,9.263745,0.004135,-0.004624,-0.016990
4500000000,4.238945,0.678957,9.281145,-0.010619,-0.003465,-0.006861
4510000000,4.093688,0.637704,9.178892,0.001008,-0.002032,-0.014572
4520000000,4.122306,0.607776,9.181838,0.010520,-0.010930,0.002997
4530000000,4.165085,0.583093,9.177694,-0.000432,-0.003811,0.002845
4540000000,4.112368,0.555335,9.265759,-0.006043,0.001630,0.001622
4550000000,4.212564,0.642417,9.181947,0.022924,0.005417,-0.013126
4560000000,4.130544,0.563835,9.270164,0.000929,0.011953,-0.005421
4570000000,4.232478,0.589773,9.225611,0.016450,0.009268,-0.002282
4580000000,4.124474,0.709919,9.154015,-0.022492,0.004338,-0.025794
4590000000,4.130449,0.629531,9.190149,-0.005517,0.014584,-0.007049
4600000000,4.092488,0.524919,9.189574,-0.015581,0.005329,0.011084
4610000000,3.921088,0.528761,9.214542,0.007707,0.006719,0.022635
4620000000,3.944754,0.479792,9.171373,-0.002188,-0.023165,-0.005260
4630000000,3.978650,0.515033,9.349764,-0.003156,-0.030942,-0.000452
4640000000,3.928043,0.425153,9.253928,-0.007784,-0.011389,0.012765
4650000000,3.785594,0.411953,9.333242,0.008159,-0.015353,0.014112
4660000000,3.771636,0.436816,9.230975,0.011369,0.006288,-0.001564
4670000000,3.620372,0.382931,9.331379,0.003752,-0.001148,-0.007793
4680000000,3.632933,0.278256,9.303242,-0.001531,0.012924,0.022726
4690000000,3.635921,0.368255,9.244635,-0.000753,0.009465,-0.001195
4700000000,3.606419,0.194650,9.322749,-0.007345,-0.000837,0.000497
4710000000,3.565912,0.256401,9.175497,0.010319,0.001213,-0.003043
4720000000,3.452964,0.203099,9.391538,0.006027,0.000113,0.014500
4730000000,3.462860,0.055831,9.309631,-0.006862,-0.000659,0.002065
4740000000,3.395473,0.186365,9.291140,-0.012105,-0.003264,-0.009130
4750000000,3.284923,0.121885,9.405102,0.001128,-0.015993,-0.005153
4760000000,3.215048,0.067180,9.328990,0.007268,-0.007348,0.000642
4770000000,3.252987,-0.020723,9.450435,0.002450,-0.005410,-0.003495
4780000000,3.185900,-0.069930,9.388031,0.026179,-0.018786,0.002566
4790000000,3.116857,-0.122927,9.379840,-0.003220,0.024918,-0.003420
4800000000,3.053117,-0.023532,9.483594,0.011952,0.004466,0.004400
4810000000,2.999569,-0.109961,9.371248,-0.009655,0.007013,0.001614
4820000000,2.931565,-0.137959,9.345542,-0.021469,0.015833,-0.011199
4830000000,2.815971,-0.139367,9.371984,-0.020579,0.001266,-0.000646
4840000000,2.795242,-0.172060,9.365690,-0.012097,0.009687,0.009701
4850000000,2.779901,-0.188245,9.422122,-0.005621,0.008235,0.000865
4860000000,2.661688,-0.217537,9.490348,-0.000332,0.004025,0.006640
4870000000,2.635900,-0.201777,9.484972,0.004819,0.005374,-0.006209
4880000000,2.629827,-0.340182,9.424688,0.002855,0.016056,0.007174
4890000000,2.542244,-0.389008,9.501535,0.000649,0.002551,-0.004607
4900000000,2.441598,-0.384746,9.491841,0.009718,-0.004496,0.015680
4910000000,2.403300,-0.400693,9.579310,-0.005832,0.005633,0.015178
4920000000,2.419324,-0.323761,9.493036,0.002152,-0.011532,0.002794
4930000000,2.326340,-0.426601,9.528520,-0.006009,0.003193,0.008835
4940000000,2.380564,-0.528889,9.512787,-0.015507,0.023413,-0.008637
4950000000,2.237185,-0.523862,9.565814,0.008241,-0.002472,0.009531
4960000000,2.253654,-0.544492,9.495028,0.003706,0.016306,0.005869
4970000000,2.113504,-0.530317,9.628632,0.007934,-0.009646,0.005809
4980000000,2.018271,-0.701475,9.637166,0.026668,0.011881,0.004781
4990000000,2.049698,-0.707879,9.604564,0.006228,-0.010725,0.014486
5000000000,2.000818,-0.611911,9.562137,-0.019099,-0.002916,0.010645
5010000000,2.049468,-0.746729,9.504910,0.000058,-0.007358,0.020527
5020000000,2.075546,-0.623987,9.589104,0.002682,-0.010441,-0.010726
5030000000,2.027276,-0.641672,9.526736,0.016121,0.003972,-0.011065
5040000000,2.014941,-0.723767,9.635776,-0.008200,-0.001968,0.002351
5050000000,2.015361,-0.825950,9.655457,0.009976,0.008565,0.013445
5060000000,2.060520,-0.741121,9.599108,0.000861,-0.006345,0.024827
5070000000,2.128251,-0.586521,9.618899,-0.003215,0.012597,0.004219
5080000000,2.087632,-0.695636,9.570798,-0.003425,0.001516,-0.008079
5090000000,2.153546,-0.635551,9.525023,0.011986,0.004965,0.005593
5100000000,2.150572,-0.538947,9.524040,-0.008658,0.011868,-0.003779
5110000000,1.937594,-0.706131,9.560760,-0.015128,0.004184,0.012838
5120000000,2.078244,-0.625658,9.591817,0.004659,-0.010670,-0.010651
5130000000,2.030555,-0.555374,9.569045,0.018604,0.005147,-0.005797
5140000000,2.003250,-0.651644,9.571589,0.006743,0.004906,-0.006910
5150000000,2.043238,-0.664574,9.602221,0.014275,0.003921,-0.013272
5160000000,1.974724,-0.655876,9.571043,-0.004790,-0.009688,-0.003607
5170000000,2.043829,-0.609903,9.587755,0.000651,-0.010745,0.009360
5180000000,2.041247,-0.630555,9.537182,-0.004478,0.006561,-0.003742
5190000000,2.088855,-0.622645,9.556828,-0.014601,0.012151,-0.001360
5200000000,1.971645,-0.673492,9.639974,-0.000684,0.007159,-0.001549
5210000000,2.025110,-0.716461,9.589112,0.018732,0.002695,0.004776
5220000000,2.039227,-0.624648,9.555886,-0.005667,-0.004565,0.002932
5230000000,2.112243,-0.720219,9.558144,-0.009807,0.001320,0.002220
5240000000,2.144873,-0.688094,9.555496,-0.009482,-0.008925,-0.009357
5250000000,2.031168,-0.663550,9.576359,-0.008298,-0.014004,-0.007909
5260000000,2.115553,-0.690175,9.563585,0.008749,-0.007331,-0.000415
5270000000,2.099082,-0.699515,9.580508,0.011779,0.008746,0.001334
5280000000,1.994315,-0.688704,9.589360,-0.004646,0.014207,-0.002457
5290000000,1.942102,-0.651928,9.560781,-0.006658,0.019882,0.005866
5300000000,2.047493,-0.619319,9.603911,-0.003896,0.013804,-0.013928
5310000000,2.031892,-0.581480,9.570153,0.007225,-0.004376,-0.006381
5320000000,2.083580,-0.605149,9.545498,0.007687,-0.019030,-0.003599
5330000000,2.012246,-0.664763,9.592039,-0.019088,-0.005104,-0.010751
5340000000,2.002483,-0.645933,9.500786,-0.002056,-0.003394,0.008561
5350000000,2.018276,-0.558872,9.653654,0.004487,0.000191,0.003923
5360000000,2.019989,-0.683244,9.624626,0.017465,0.003335,0.017961
5370000000,2.025650,-0.626499,9.683390,0.004221,-0.000169,-0.000111
5380000000,2.032470,-0.609923,9.543170,-0.001885,-0.002025,0.004252
5390000000,1.903979,-0.644323,9.551946,0.001566,0.002854,-0.006796
5400000000,2.033776,-0.613304,9.455471,0.007612,0.012569,0.003903
5410000000,1.986887,-0.667738,9.521989,-0.017991,0.011302,-0.005313
5420000000,2.037889,-0.649121,9.646923,-0.010990,-0.005897,-0.003767
5430000000,2.038898,-0.731314,9.580542,0.005807,-0.007613,0.011588
5440000000,2.080138,-0.629250,9.573014,-0.002736,-0.003465,0.008199
5450000000,2.020723,-0.640582,9.553268,0.003464,-0.017194,0.021221
5460000000,2.114517,-0.653391,9.550089,-0.004794,-0.020777,0.004865
5470000000,2.042076,-0.628994,9.458291,-0.002586,-0.000105,0.014371
5480000000,1.998502,-0.682703,9.673141,0.011922,-0.003798,-0.002294
5490000000,2.008531,-0.595316,9.556424,-0.007801,-0.005289,-0.005593
5500000000,2.042222,-0.714746,9.504509,0.007489,0.006584,0.005672
5510000000,1.993998,-0.618133,9.500831,-0.016342,0.011614,0.005562
5520000000,2.018105,-0.732244,9.708727,-0.011994,-0.001837,0.018149
5530000000,2.123040,-0.646713,9.546467,0.005357,-0.015598,0.009659
5540000000,2.087939,-0.687879,9.545755,0.003655,0.000053,-0.010471
5550000000,2.000281,-0.725516,9.548013,0.002859,0.005130,0.003029
5560000000,2.064945,-0.616760,9.529456,-0.002760,0.013811,0.000923
5570000000,2.016629,-0.629601,9.603646,0.003744,0.000583,-0.020185
5580000000,1.907917,-0.692803,9.617647,0.010901,-0.014326,-0.008699
5590000000,2.100487,-0.662939,9.528541,0.018730,0.000282,-0.004843
5600000000,2.067561,-0.628210,9.585600,-0.007015,-0.002018,-0.010478
5610000000,2.029689,-0.631092,9.550512,-0.005469,0.001032,-0.009844
5620000000,2.079586,-0.620005,9.568913,0.010560,0.004980,-0.004206
5630000000,2.086113,-0.707049,9.507135,-0.019199,-0.000243,0.013391
5640000000,1.936048,-0.653372,9.538164,0.003395,-0.006198,-0.005353
5650000000,2.012899,-0.743920,9.549357,0.002937,-0.008062,0.012708
5660000000,2.028737,-0.736997,9.642870,0.019404,-0.008280,0.018831
5670000000,2.071903,-0.709470,9.636943,0.012029,0.004376,0.003924
5680000000,2.034542,-0.608638,9.576596,-0.005817,0.003725,0.003141
5690000000,2.024438,-0.725775,9.512551,-0.007019,-0.004805,0.002028
5700000000,2.020875,-0.688543,9.618372,-0.002006,-0.003843,0.012281
5710000000,2.059745,-0.649100,9.610482,-0.013719,0.000667,-0.014992
5720000000,1.969911,-0.719345,9.489367,0.007245,0.012262,0.004844
5730000000,2.000848,-0.639589,9.606647,-0.003487,0.002932,0.007087
5740000000,1.975789,-0.629214,9.583566,-0.008868,-0.002513,-0.009295
5750000000,1.977684,-0.680419,9.495998,-0.021154,0.009807,-0.003185
5760000000,2.046331,-0.722803,9.483122,-0.009963,-0.000536,-0.000491
5770000000,1.974599,-0.696040,9.567677,-0.003054,-0.003868,-0.006551
5780000000,2.077159,-0.647597,9.624285,0.004042,0.004500,0.004060
5790000000,2.080449,-0.585111,9.594252,0.001065,-0.014583,0.009578
5800000000,2.103523,-0.663017,9.502840,0.010576,-0.001423,-0.003357
5810000000,2.082534,-0.651133,9.538277,-0.002440,0.000709,-0.007518
5820000000,2.017347,-0.682419,9.559834,-0.002603,-0.018014,-0.005457
5830000000,2.041325,-0.661095,9.536489,0.008912,-0.007378,-0.009957
5840000000,1.993503,-0.616294,9.646623,0.012100,-0.012229,0.010063
5850000000,2.069829,-0.727212,9.595453,-0.017228,-0.008203,0.000610
5860000000,2.015343,-0.637851,9.617683,-0.004860,-0.000740,0.005648
5870000000,2.006502,-0.613979,9.583673,-0.015840,0.002855,0.021141
5880000000,2.068436,-0.693692,9.698385,-0.005381,0.003320,-0.009059
5890000000,2.024799,-0.650265,9.613841,0.000563,0.000600,-0.003970
5900000000,2.048280,-0.572770,9.565563,-0.002653,0.005953,-0.024247
5910000000,1.999431,-0.650696,9.547556,-0.013186,0.010637,-0.016612
5920000000,2.028864,-0.731900,9.578902,0.020695,-0.008630,0.004283
5930000000,2.067432,-0.600018,9.620026,0.013490,-0.011232,0.007547
5940000000,2.041467,-0.724565,9.554142,-0.005181,0.012864,-0.000128
5950000000,2.027449,-0.628493,9.508545,0.004893,0.024182,-0.006512
5960000000,2.041996,-0.757168,9.659193,-0.001146,-0.003819,-0.006333
5970000000,1.979304,-0.697063,9.552155,0.023962,-0.017697,-0.002407
5980000000,2.062538,-0.671765,9.469922,-0.003427,0.023378,-0.013973
5990000000,2.023214,-0.562231,9.521455,-0.001391,-0.017958,-0.002105
6000000000,1.972858,-0.648655,9.637033,-0.004774,0.005664,-0.005863
6010000000,2.184268,-0.771856,9.548625,-0.003217,0.013608,-0.002764
6020000000,2.057882,-0.740730,9.587522,0.003044,-0.001566,-0.003943
6030000000,1.915231,-0.692981,9.559929,0.012126,0.004304,0.011698
6040000000,1.989283,-0.665239,9.555464,0.002716,0.027399,-0.000752
6050000000,2.080822,-0.666827,9.566561,0.020448,0.001937,-0.000194
6060000000,2.013767,-0.707771,9.496891,-0.005473,0.016094,-0.002231
6070000000,1.960888,-0.636977,9.585834,0.009585,0.008764,-0.009902
6080000000,2.089218,-0.589090,9.519954,0.008240,0.005559,0.008204
6090000000,1.983844,-0.673739,9.574378,0.005655,-0.005307,0.007216
6100000000,2.053311,-0.620319,9.614809,-0.007704,0.003303,-0.004785
6110000000,1.984124,-0.696456,9.672978,0.012373,-0.002407,-0.007496
6120000000,1.991560,-0.657143,9.462329,0.002524,0.004022,-0.007007
6130000000,2.106861,-0.697159,9.560406,-0.001564,-0.007442,0.012803
6140000000,2.071365,-0.675634,9.640145,0.013592,0.011141,-0.002952
6150000000,2.098453,-0.590825,9.655005,0.008297,-0.002861,0.000013
6160000000,2.057560,-0.716977,9.589735,0.001100,-0.000966,0.013651
6170000000,1.985935,-0.696902,9.589748,0.008403,0.009232,0.000688
6180000000,2.040466,-0.657040,9.557222,-0.024618,0.010260,-0.018012
6190000000,2.053056,-0.670802,9.529348,-0.004495,0.014258,-0.018585
6200000000,2.026963,-0.659020,9.587185,-0.020861,-0.004442,0.005816
6210000000,1.967320,-0.659600,9.544537,0.008037,0.010738,-0.003499
6220000000,2.062152,-0.628161,9.501655,0.002289,-0.005589,-0.017384
6230000000,1.942784,-0.690342,9.611446,0.003292,0.013521,0.004224
6240000000,2.024937,-0.744334,9.634525,0.012914,-0.001998,0.010895
6250000000,2.015455,-0.657764,9.579471,0.002415,-0.001538,-0.008940
6260000000,2.023205,-0.634058,9.573991,-0.014117,-0.014240,0.000772
6270000000,2.029309,-0.591582,9.531765,-0.003608,0.019482,0.002669
6280000000,1.922714,-0.658472,9.555311,-0.009150,0.019195,0.004140
6290000000,2.022609,-0.677117,9.594743,0.002780,-0.009465,-0.004389
6300000000,2.016918,-0.668533,9.648025,-0.015735,-0.011266,-0.015829
6310000000,1.976695,-0.684497,9.540277,0.016813,0.004538,0.008893
6320000000,2.157582,-0.634690,9.551821,-0.014050,0.003995,0.002573
6330000000,2.091183,-0.674904,9.524656,0.000315,0.005106,-0.009021
6340000000,2.035477,-0.747298,9.600131,-0.002364,-0.008181,-0.017853
6350000000,2.202693,-0.725134,9.555099,-0.013683,0.004344,-0.005983
6360000000,1.889452,-0.713340,9.552411,-0.008691,-0.002934,0.004562
6370000000,2.004782,-0.767350,9.558562,-0.001253,0.009745,-0.001402
6380000000,2.103498,-0.660483,9.495143,-0.000881,-0.003737,-0.000840
6390000000,2.078563,-0.703414,9.630620,0.003453,0.000330,0.003827
6400000000,1.979194,-0.673222,9.695803,0.001583,-0.012592,0.008096
6410000000,2.113814,-0.653567,9.588276,-0.007824,-0.008267,-0.019961
6420000000,2.012755,-0.624950,9.521597,-0.004720,-0.004990,-0.006995
6430000000,2.083609,-0.726694,9.636809,0.000118,-0.007803,-0.008999
6440000000,2.149132,-0.584285,9.549269,0.016849,0.017376,-0.001859
6450000000,1.989232,-0.646453,9.629727,-0.011608,-0.000554,-0.014615
6460000000,2.016056,-0.601628,9.606786,0.010667,-0.015056,0.003292
6470000000,2.021499,-0.557741,9.536590,0.013880,-0.008390,0.006484
6480000000,2.023759,-0.722582,9.561593,0.000941,0.008903,-0.003549
6490000000,2.131552,-0.646370,9.576862,-0.004793,0.008045,0.001948
6500000000,2.105904,-0.713086,9.666000,-0.005755,0.003831,0.014338
6510000000,1.922993,-0.617516,9.604104,0.002434,-0.017596,-0.002607
6520000000,1.889030,-0.617303,9.566920,0.011284,-0.000250,0.007496
6530000000,2.121459,-0.786832,9.564168,-0.016688,-0.018254,0.001913
6540000000,1.970446,-0.654741,9.649233,-0.015828,0.014754,0.000226
6550000000,2.022331,-0.675670,9.458951,0.008411,0.005572,0.016276
6560000000,2.058273,-0.671066,9.466767,0.011718,0.003654,0.014400
6570000000,1.975072,-0.653520,9.638288,0.004976,0.006015,-0.000310
6580000000,1.996268,-0.569489,9.612809,0.004073,-0.002690,-0.004052
6590000000,2.016054,-0.643291,9.555672,-0.001742,-0.000525,-0.004768
6600000000,2.040148,-0.645202,9.601128,0.002913,0.001599,-0.000419
6610000000,1.975922,-0.649971,9.604639,0.007763,0.019245,0.002721
6620000000,1.992476,-0.652266,9.504150,-0.004834,0.010942,0.010602
6630000000,2.088660,-0.715136,9.620477,-0.005802,-0.014657,0.001448
6640000000,2.101907,-0.710791,9.625600,0.001113,-0.001994,0.005373
6650000000,2.060832,-0.641830,9.625937,0.006432,0.002949,0.004260
6660000000,2.080600,-0.645656,9.584430,-0.007910,-0.001940,-0.000994
6670000000,1.997215,-0.689009,9.562034,0.017919,-0.008265,0.016753
6680000000,2.036211,-0.686779,9.551712,-0.020361,0.006617,-0.008394
6690000000,2.030438,-0.604028,9.588583,0.002850,0.002675,0.001182
6700000000,2.042971,-0.614497,9.514203,0.000022,0.012322,0.007448
6710000000,2.092253,-0.576274,9.562482,-0.006519,-0.003982,0.001959
6720000000,1.990539,-0.585051,9.538288,-0.003796,0.005155,-0.015612
6730000000,1.991681,-0.623578,9.540956,-0.007036,-0.006219,-0.015324
6740000000,1.952142,-0.628559,9.568038,-0.015069,0.002694,0.006106
6750000000,2.100850,-0.645273,9.505844,-0.012203,-0.018134,-0.010697
6760000000,2.075123,-0.606993,9.561044,0.005856,0.003312,0.000093
6770000000,2.030334,-0.773689,9.477391,0.011124,0.003294,0.012332
6780000000,2.144063,-0.623607,9.541221,0.019766,0.002844,-0.015979
6790000000,2.049549,-0.630504,9.524069,-0.002280,0.009036,-0.005514
6800000000,2.084867,-0.700626,9.658033,0.000554,-0.010433,0.009214
6810000000,2.143019,-0.746046,9.539190,0.007384,-0.000120,-0.012354
6820000000,2.021830,-0.637866,9.560972,0.008236,0.014096,0.014743
6830000000,2.049589,-0.684654,9.538941,-0.005784,0.000592,0.015066
6840000000,1.961136,-0.636580,9.587832,-0.006696,0.001275,0.012317
6850000000,2.069398,-0.659738,9.555593,-0.001199,-0.002004,0.004699
6860000000,2.022514,-0.714635,9.489498,-0.017868,0.006874,0.000435
6870000000,2.063036,-0.751163,9.476316,0.000614,0.007560,-0.002263
6880000000,2.031132,-0.639192,9.580610,0.000800,-0.001957,-0.002723
6890000000,2.042768,-0.678017,9.605411,0.028445,0.003966,0.010289
6900000000,2.099192,-0.617965,9.537277,0.003781,0.006665,0.005366
6910000000,2.013803,-0.651286,9.546613,-0.010229,0.003365,0.001314
6920000000,2.046083,-0.655176,9.526268,-0.009671,-0.000603,0.012390
6930000000,1.987005,-0.782191,9.571102,0.005906,0.004739,-0.001192
6940000000,2.039675,-0.613459,9.440892,-0.001070,-0.009843,-0.012102
6950000000,1.992685,-0.700445,9.636370,0.005588,0.005689,-0.006676
6960000000,1.931429,-0.601891,9.633937,0.007385,0.004630,-0.012388
6970000000,2.023493,-0.651053,9.615268,-0.005542,-0.002092,0.017393
6980000000,2.081685,-0.653010,9.541517,0.007928,0.011326,0.000995
6990000000,2.071646,-0.747684,9.531975,-0.004283,0.003471,-0.008567
7000000000,2.084274,-0.624978,9.579824,-0.009287,0.016135,0.018143
7010000000,1.952676,-0.774338,9.600649,-0.002710,-0.011477,0.014485
7020000000,1.896222,-0.734207,9.646415,-0.002796,-0.004813,0.008937
7030000000,1.993866,-0.795495,9.642512,0.005010,-0.004641,0.009652
7040000000,1.781504,-0.844352,9.613062,-0.009535,-0.016911,0.000688
7050000000,1.808484,-0.829856,9.549876,0.009034,-0.000995,0.010463
7060000000,1.681319,-1.022617,9.675260,-0.018952,-0.004541,0.008755
7070000000,1.650840,-0.903238,9.612747,-0.007437,0.000636,-0.011001
7080000000,1.480479,-0.965924,9.725808,0.011650,-0.005017,-0.001456
7090000000,1.438827,-1.096384,9.647429,-0.001220,-0.012832,-0.009822
7100000000,1.446879,-1.015592,9.685781,-0.013695,0.012790,-0.019413
7110000000,1.264142,-1.154260,9.742998,0.010693,0.020595,0.006803
7120000000,1.321943,-1.106941,9.681764,0.013279,0.004977,0.009594
7130000000,1.215737,-1.178197,9.641682,-0.007146,-0.003195,-0.010891
7140000000,1.135116,-1.175779,9.707226,-0.014379,0.005861,-0.017130
7150000000,1.094854,-1.260130,9.836754,-0.028615,-0.006400,0.001190
7160000000,1.097208,-1.274980,9.778092,0.005196,0.000688,-0.005456
7170000000,1.064065,-1.366458,9.793885,-0.011983,-0.012132,0.004776
7180000000,0.914426,-1.307488,9.820222,0.005706,-0.016308,0.013668
7190000000,0.797954,-1.385563,9.815746,0.001198,-0.003707,-0.011141
7200000000,0.838015,-1.379735,9.759149,-0.001528,0.004417,0.006172
7210000000,0.744426,-1.522249,9.851260,-0.002405,-0.018640,0.024107
7220000000,0.697823,-1.461918,9.791298,-0.002513,-0.000014,0.006245
7230000000,0.586953,-1.554785,9.792663,-0.012866,-0.010437,-0.002407
7240000000,0.519062,-1.591602,9.841840,-0.012593,-0.007110,0.000009
7250000000,0.530996,-1.624869,9.852018,0.006555,-0.006835,0.001950
7260000000,0.379447,-1.650643,9.889920,-0.018864,0.021915,0.001906
7270000000,0.354337,-1.820500,9.794068,-0.013079,-0.005714,0.000763
7280000000,0.253369,-1.735190,9.737127,-0.001435,0.001963,-0.003508
7290000000,0.149497,-1.780395,9.885870,0.001359,0.014493,0.001346
7300000000,0.186127,-1.835921,9.837707,-0.011651,0.005249,0.006393
7310000000,0.107236,-1.838923,9.909678,-0.000025,0.003555,-0.014357
7320000000,-0.076938,-1.910830,9.913602,0.003484,-0.012062,-0.004342
7330000000,-0.016833,-1.892615,9.964054,0.004615,0.007154,-0.002543
7340000000,-0.105109,-1.966404,9.964784,0.000296,0.006248,0.014112
7350000000,-0.189364,-2.021528,9.962560,-0.005880,-0.001307,0.015453
7360000000,-0.191781,-2.098519,9.925119,0.021231,-0.006306,0.006641
7370000000,-0.351320,-2.069598,10.049773,0.011215,0.004060,0.005309
7380000000,-0.375969,-2.001023,9.909916,0.007748,0.000945,-0.005996
7390000000,-0.502555,-2.158398,9.973204,0.006735,-0.005786,0.006414
7400000000,-0.528483,-2.251781,10.066537,0.006127,0.008253,-0.003979
7410000000,-0.499154,-2.224966,9.929528,-0.002421,-0.003879,-0.000801
7420000000,-0.504035,-2.154917,9.982643,0.002326,-0.000025,-0.006121
7430000000,-0.540768,-2.123112,10.000800,0.000171,-0.013656,0.014419
7440000000,-0.512068,-2.242887,10.037185,0.005610,-0.016327,-0.015045
7450000000,-0.505477,-2.273994,9.974238,0.012850,0.016745,0.019298
7460000000,-0.592181,-2.257387,10.027914,-0.002261,0.003503,-0.002026
7470000000,-0.454154,-2.202294,10.068598,0.002479,-0.007932,0.007154
7480000000,-0.515803,-2.218674,10.046887,-0.007387,-0.009343,0.006025
7490000000,-0.481904,-2.172960,10.088163,-0.000918,-0.018552,0.018534
7500000000,-0.409920,-2.286454,10.016295,0.004815,0.006320,-0.004431
7510000000,-0.603828,-2.299061,9.960965,-0.007256,0.008909,-0.002248
7520000000,-0.524312,-2.129488,10.032348,-0.000607,0.009971,-0.001716
7530000000,-0.471865,-2.233339,9.976497,0.031049,0.005626,-0.015107
7540000000,-0.546743,-2.232712,9.921187,-0.011992,0.005569,-0.006204
7550000000,-0.454191,-2.222915,9.997195,-0.001962,0.005403,-0.031229
7560000000,-0.511114,-2.245520,10.028609,-0.009001,0.012163,0.007294
7570000000,-0.478423,-2.142353,9.973295,0.010319,0.004934,0.010362
7580000000,-0.561647,-2.200689,10.059194,0.000518,-0.006028,-0.010206
7590000000,-0.506836,-2.209632,10.042495,-0.009852,-0.004418,-0.001034
7600000000,-0.554894,-2.196707,10.085000,-0.001257,-0.006607,0.003641
7610000000,-0.492219,-2.208852,10.009214,-0.022292,-0.006282,-0.006799
7620000000,-0.591457,-2.232008,9.991700,0.006104,-0.008221,-0.008770
7630000000,-0.480712,-2.133880,10.066424,0.007371,0.015453,-0.005370
7640000000,-0.471540,-2.180967,9.940343,-0.003118,0.006266,-0.005452
7650000000,-0.407983,-2.160743,9.956903,0.009925,0.008058,-0.005814
7660000000,-0.510088,-2.213268,9.948337,0.012734,-0.003913,0.007792
7670000000,-0.575131,-2.316054,10.051278,0.008044,0.002847,-0.011007
7680000000,-0.424863,-2.260311,9.968453,0.002812,0.016038,-0.007541
7690000000,-0.509403,-2.127664,10.011222,-0.005236,0.005741,-0.015842
7700000000,-0.477803,-2.196600,9.976853,-0.013429,-0.007913,0.001264
7710000000,-0.502862,-2.274698,10.052802,0.005593,0.003963,-0.006839
7720000000,-0.424275,-2.185423,9.993025,0.001239,0.018641,0.000352
7730000000,-0.492189,-2.207141,10.020054,-0.012980,0.007354,-0.000870
7740000000,-0.485300,-2.220446,10.034533,0.002879,-0.005396,-0.001754
7750000000,-0.547189,-2.184459,9.970018,0.013908,0.004610,0.007056
7760000000,-0.456759,-2.222687,9.990352,-0.006219,-0.011524,-0.012329
7770000000,-0.520618,-2.164735,10.057332,0.012385,0.012004,0.009043
7780000000,-0.410908,-2.297970,10.038806,-0.000393,-0.019774,-0.023588
7790000000,-0.498122,-2.266175,10.007718,-0.003455,0.012969,-0.005110
7800000000,-0.489119,-2.181585,10.004850,0.015131,0.008610,-0.001386
7810000000,-0.508485,-2.279659,10.023449,-0.008951,0.018891,0.000100
7820000000,-0.457404,-2.174591,10.124670,0.005057,0.000441,-0.006150
7830000000,-0.414396,-2.200925,9.908467,-0.000966,0.018104,-0.001470
7840000000,-0.456794,-2.171298,10.010006,-0.005190,-0.013709,0.003216
7850000000,-0.471372,-2.248617,10.029856,0.002718,-0.014826,0.009745
7860000000,-0.559239,-2.253669,10.018380,0.020620,0.000181,-0.010991
7870000000,-0.491546,-2.194705,10.036725,-0.008243,0.002318,0.011328
7880000000,-0.463457,-2.191333,10.030564,0.000380,-0.003736,-0.015284
7890000000,-0.548365,-2.233276,9.958737,-0.007868,-0.017732,-0.010654
7900000000,-0.493117,-2.172644,9.913210,0.003618,0.005877,-0.015044
7910000000,-0.540725,-2.143463,9.976036,0.016625,-0.002355,-0.004573
7920000000,-0.539568,-2.297213,10.065449,-0.002119,-0.005411,-0.015007
7930000000,-0.445227,-2.173434,10.066667,-0.014112,0.008746,0.011909
7940000000,-0.486815,-2.246536,9.974268,-0.003976,0.013889,0.014538
7950000000,-0.471623,-2.262745,9.959779,0.005857,-0.000931,0.001837
7960000000,-0.508430,-2.162252,9.969514,0.000168,0.004291,0.004680
7970000000,-0.505951,-2.309632,10.067640,0.000475,0.006039,-0.007874
7980000000,-0.417716,-2.169646,9.988720,-0.021484,0.002758,-0.001699
7990000000,-0.569597,-2.277576,10.039675,-0.007070,-0.014497,0.000826
8000000000,-0.507710,-2.118109,9.937261,-0.017733,0.004139,0.010722
8010000000,-0.462606,-2.120551,10.082691,0.012981,-0.017409,-0.005980
8020000000,-0.530175,-2.189710,10.120601,0.002318,-0.007647,0.020212
8030000000,-0.550058,-2.269961,10.047014,0.007265,0.003697,-0.001008
8040000000,-0.580702,-2.183191,10.103065,0.012105,0.010080,0.018063
8050000000,-0.528748,-2.301134,10.019932,0.013720,-0.008401,-0.009192
8060000000,-0.491154,-2.212762,9.958939,-0.010764,0.003501,0.000481
8070000000,-0.507830,-2.237593,10.037801,0.000892,0.012482,0.017843
8080000000,-0.428659,-2.249293,10.013128,-0.012578,0.017459,-0.001256
8090000000,-0.518294,-2.196952,10.040308,-0.000297,-0.016394,0.002788
8100000000,-0.505619,-2.168639,9.972214,0.010861,0.003748,-0.007788
8110000000,-0.425091,-2.170454,9.951993,0.005986,-0.009547,-0.000047
8120000000,-0.537408,-2.296400,10.015651,-0.001995,0.010927,-0.005765
8130000000,-0.517045,-2.342653,10.033494,0.007579,0.016905,-0.004662
8140000000,-0.478190,-2.274527,10.116026,0.011401,0.014132,-0.010285
8150000000,-0.456360,-2.170547,9.961070,0.008008,-0.006888,0.002596
8160000000,-0.526685,-2.176921,10.017663,-0.012814,-0.007335,-0.001877
8170000000,-0.482402,-2.213265,10.022570,-0.003463,-0.005415,-0.001797
8180000000,-0.565313,-2.319955,10.041567,0.016493,0.015004,0.016917
8190000000,-0.544610,-2.238211,9.995848,0.009277,0.003655,-0.001352
8200000000,-0.440749,-2.226696,10.072553,0.003231,-0.001618,0.002250
8210000000,-0.503018,-2.267303,9.984604,0.014581,0.023901,0.002786
8220000000,-0.459140,-2.246590,10.016016,-0.019239,-0.010823,0.003733
8230000000,-0.594440,-2.180114,9.905467,0.013247,-0.004083,0.006451
8240000000,-0.512903,-2.167984,10.010212,0.006438,0.006438,-0.011626
8250000000,-0.512128,-2.187471,10.052132,-0.022577,-0.013068,0.007165
8260000000,-0.475799,-2.161342,9.867468,-0.024184,0.014743,0.003945
8270000000,-0.502779,-2.237472,10.000172,-0.009395,0.013139,0.000003
8280000000,-0.536467,-2.155626,9.946411,-0.016574,0.007517,0.000740
8290000000,-0.395822,-2.237483,10.004133,-0.025977,-0.000091,-0.004820
8300000000,-0.529684,-2.218918,10.054929,-0.000292,-0.001579,0.017427
8310000000,-0.462667,-2.211335,10.020537,-0.010245,-0.012409,0.000600
8320000000,-0.461630,-2.143188,10.037200,0.004354,0.004525,0.018749
8330000000,-0.483933,-2.211042,10.012487,-0.005448,-0.002196,0.004901
8340000000,-0.581391,-2.221455,10.046606,0.002406,-0.016589,-0.007701
8350000000,-0.358927,-2.214212,9.975120,0.013051,0.001061,0.001203
8360000000,-0.477509,-2.175959,9.972045,-0.014488,0.011056,-0.014736
8370000000,-0.552550,-2.201203,9.918028,-0.012803,0.007638,-0.003681
8380000000,-0.510816,-2.239323,10.016681,0.000453,-0.021871,-0.013938
8390000000,-0.438797,-2.182311,10.023769,0.000983,0.003416,0.007422
8400000000,-0.452240,-2.226098,10.063278,0.015173,-0.005223,-0.000343
8410000000,-0.507730,-2.161652,9.929443,-0.002744,-0.012234,-0.001470
8420000000,-0.415334,-2.247597,9.965492,0.015341,-0.009112,-0.015659
8430000000,-0.473332,-2.252691,9.997399,-0.000615,-0.007135,0.005129
8440000000,-0.412289,-2.190350,10.040647,0.001389,-0.018898,-0.012274
8450000000,-0.459130,-2.235605,9.994499,0.001499,-0.003008,-0.000537
8460000000,-0.538909,-2.177503,9.989841,-0.014123,0.013048,-0.009087
8470000000,-0.526048,-2.217533,9.987027,0.001891,0.000987,-0.014787
8480000000,-0.456507,-2.282631,9.980986,-0.006933,-0.014787,-0.011663
8490000000,-0.535026,-2.243409,10.042068,-0.007210,0.005287,0.000827
8500000000,-0.501484,-2.202531,10.076335,-0.004981,0.015014,-0.001985
8510000000,-0.606414,-2.181082,10.104053,0.010379,0.016750,-0.007515
8520000000,-0.460675,-2.151932,9.980472,0.000013,-0.020635,-0.022440
8530000000,-0.525158,-2.151588,10.017015,0.011899,0.000499,-0.001813
8540000000,-0.499233,-2.169766,9.972419,0.024909,-0.001013,-0.019255
8550000000,-0.484277,-2.105875,10.012711,-0.007204,-0.002127,-0.002793
8560000000,-0.529943,-2.134197,10.040691,-0.006847,0.006321,0.000110
8570000000,-0.486217,-2.224198,10.077763,0.006387,-0.002036,0.000470
8580000000,-0.483852,-2.181615,9.981285,-0.006945,-0.024785,0.001547
8590000000,-0.491562,-2.174037,9.942925,0.009829,0.009875,0.011237
8600000000,-0.454950,-2.139060,10.049535,0.002293,0.016244,0.012451
8610000000,-0.327021,-2.119085,9.993608,-0.001295,0.004719,-0.004076
8620000000,-0.313255,-2.142442,9.926006,0.014524,0.001573,-0.029680
8630000000,-0.309313,-2.072655,9.986015,0.006436,0.010713,-0.002880
8640000000,-0.132408,-2.013742,9.951111,-0.007373,-0.001568,-0.012040
8650000000,-0.136174,-1.947159,9.927095,0.015862,-0.006103,-0.006011
8660000000,-0.004132,-1.937832,9.909864,0.002847,0.016570,-0.007372
8670000000,-0.052772,-1.935521,9.915102,0.000775,-0.023397,0.002512
8680000000,0.051595,-1.932918,9.912427,-0.019014,-0.005700,-0.008481
8690000000,0.105360,-1.899575,9.965701,0.013006,-0.003805,0.001823
8700000000,0.124541,-1.851422,9.856854,0.013199,-0.012637,0.001883
8710000000,0.150447,-1.767311,9.904535,0.003872,0.004505,0.009538
8720000000,0.309597,-1.820712,9.876471,0.000663,-0.006183,-0.006964
8730000000,0.371616,-1.592325,9.833929,0.001301,0.022249,0.012766
8740000000,0.526592,-1.622496,9.906477,0.010259,0.006009,0.001127
8750000000,0.477443,-1.558324,9.778995,0.016175,0.008311,0.014711
8760000000,0.650002,-1.584950,9.772243,-0.011048,-0.005543,0.008820
8770000000,0.666354,-1.488921,9.778099,-0.002468,0.003941,-0.002334
8780000000,0.776085,-1.445933,9.899240,0.006668,0.011866,0.023221
8790000000,0.700842,-1.402726,9.854997,0.012271,-0.008507,-0.004782
8800000000,0.793965,-1.523646,9.828892,-0.014665,-0.007285,-0.013227
8810000000,0.945569,-1.388165,9.719496,0.003932,-0.014335,0.005533
8820000000,0.941773,-1.298762,9.746145,0.004688,0.002579,0.000484
8830000000,1.075350,-1.349246,9.758245,0.016844,-0.007533,0.001508
8840000000,1.106928,-1.282534,9.630399,0.012949,-0.001981,0.001129
8850000000,1.100011,-1.137596,9.708257,0.003246,-0.017065,0.003692
8860000000,1.309254,-1.151397,9.646015,0.006208,-0.012517,-0.020068
8870000000,1.316269,-1.156965,9.741264,0.003285,-0.013672,-0.001632
8880000000,1.388714,-1.145801,9.633339,0.003541,0.012028,-0.000825
8890000000,1.436368,-1.019206,9.738327,-0.001532,0.004534,0.004631
8900000000,1.543091,-1.024930,9.640029,-0.001786,0.001187,0.008428
8910000000,1.558828,-0.995217,9.608530,0.010499,-0.003427,-0.014322
8920000000,1.570183,-0.939709,9.603400,-0.004550,-0.000827,-0.005406
8930000000,1.614401,-0.854212,9.740012,0.006833,0.006554,0.011146
8940000000,1.630832,-0.897674,9.631965,0.010046,0.000368,-0.008671
8950000000,1.781402,-0.777680,9.608527,0.011725,0.006556,0.004715
8960000000,1.819611,-0.747773,9.636271,-0.001942,0.004857,0.006325
8970000000,1.997362,-0.694700,9.623150,0.007680,0.000978,-0.000067
8980000000,1.899971,-0.686756,9.580788,-0.008344,-0.017090,-0.003962
8990000000,2.038624,-0.601267,9.549700,0.009913,0.000368,-0.002703
9000000000,2.027796,-0.695854,9.626174,0.001235,0.001947,0.008807
9010000000,1.974005,-0.616209,9.533545,0.014673,0.012540,0.000433
9020000000,2.044594,-0.634916,9.662601,0.010251,-0.002747,0.014048
9030000000,1.977854,-0.662648,9.536561,-0.017680,0.008962,0.008133
9040000000,2.008596,-0.574688,9.593477,-0.018594,0.013234,-0.014758
9050000000,2.002614,-0.656097,9.622693,0.003782,0.006576,-0.001856
9060000000,2.071369,-0.678867,9.495161,0.004648,0.022348,-0.014678
9070000000,2.097412,-0.664676,9.571716,-0.001563,0.003920,-0.000048
9080000000,2.058608,-0.623488,9.641561,0.001267,0.002592,0.025894
9090000000,2.030773,-0.677851,9.634752,0.001113,0.014144,-0.011133
9100000000,2.059793,-0.628025,9.558475,-0.010760,0.004258,0.000005
9110000000,1.997268,-0.600865,9.624016,-0.006787,0.002002,-0.005795
9120000000,1.954296,-0.648594,9.539264,0.005009,0.011431,0.017458
9130000000,2.063392,-0.696496,9.547215,-0.015150,-0.012775,0.022721
9140000000,2.138465,-0.697104,9.591440,0.018396,-0.004277,0.012257
9150000000,1.982149,-0.619513,9.602821,-0.001636,0.005590,0.021628
9160000000,2.038823,-0.638188,9.560102,-0.011302,0.002758,0.002624
9170000000,2.086882,-0.736552,9.615218,0.012063,0.005371,0.015531
9180000000,2.049220,-0.711270,9.485798,-0.002357,0.001066,-0.004172
9190000000,2.095682,-0.596735,9.651311,-0.014651,0.004948,-0.003295
9200000000,2.074974,-0.651749,9.657165,-0.014818,0.000081,0.007152
9210000000,2.091280,-0.729438,9.547585,0.003398,0.006418,0.008112
9220000000,2.022240,-0.638058,9.584380,0.006387,0.003074,0.016337
9230000000,2.024598,-0.654311,9.576036,0.013727,-0.000555,0.006990
9240000000,2.066697,-0.647846,9.506584,-0.007211,-0.001076,0.003221
9250000000,1.978819,-0.618665,9.599331,-0.000705,0.003789,-0.001678
9260000000,1.997653,-0.664111,9.546940,-0.007199,-0.001406,-0.004689
9270000000,2.103652,-0.747100,9.565059,-0.005381,-0.000469,-0.006755
9280000000,2.037837,-0.665961,9.510760,-0.011711,0.000992,0.005022
9290000000,2.028232,-0.670581,9.562280,-0.006469,-0.004834,-0.007512
9300000000,2.069835,-0.699014,9.499289,-0.007099,-0.009919,-0.001678
9310000000,2.094452,-0.736401,9.535254,0.001480,-0.013251,-0.013400
9320000000,2.092560,-0.729462,9.548441,-0.005181,0.004062,-0.002218
9330000000,2.012478,-0.705586,9.548250,-0.005969,-0.000605,0.012893
9340000000,1.987954,-0.615319,9.626965,0.003874,-0.004387,-0.011274
9350000000,2.140753,-0.649080,9.642751,-0.000668,0.000542,-0.019323
9360000000,1.998486,-0.691117,9.544800,-0.000346,0.010692,-0.008171
9370000000,2.000104,-0.670763,9.589098,-0.001139,-0.015959,-0.008600
9380000000,2.081584,-0.641343,9.562223,-0.010992,-0.018393,-0.001829
9390000000,2.034676,-0.604838,9.528400,-0.013610,0.022242,0.014143
9400000000,2.096670,-0.635541,9.591130,-0.000984,-0.002405,0.001083
9410000000,2.023941,-0.609637,9.583239,-0.010644,-0.013990,0.001045
9420000000,1.982563,-0.826042,9.634715,-0.003604,0.028894,-0.001773
9430000000,2.079952,-0.620395,9.595138,0.019712,-0.003082,-0.008516
9440000000,2.059285,-0.652970,9.560169,-0.010504,0.012140,-0.012373
9450000000,1.990759,-0.589271,9.576481,-0.022550,-0.001335,0.001714
9460000000,1.973934,-0.667303,9.595480,0.026691,0.004340,-0.000308
9470000000,2.120628,-0.584156,9.515025,0.010983,0.000899,0.007377
9480000000,2.003271,-0.600667,9.618172,0.002230,0.011159,-0.003985
9490000000,1.976962,-0.691825,9.608212,-0.004238,-0.015153,-0.000497
9500000000,1.977926,-0.687532,9.494749,0.007410,0.001329,0.004623
9510000000,2.077175,-0.615837,9.475496,0.000578,-0.004671,0.003737
9520000000,2.004858,-0.737843,9.558547,-0.006426,-0.002529,0.004158
9530000000,2.080338,-0.611592,9.584510,0.016804,0.010991,-0.006030
9540000000,1.999120,-0.705194,9.496887,0.010723,0.000629,-0.014987
9550000000,2.044983,-0.711008,9.616530,0.005324,0.009919,0.002684
9560000000,2.112700,-0.740228,9.610272,-0.006940,-0.004680,-0.017162
9570000000,1.998910,-0.697404,9.515607,0.022376,-0.005446,-0.002762
9580000000,2.035395,-0.749333,9.495551,-0.006817,0.007440,0.008254
9590000000,2.080052,-0.670030,9.561852,0.001818,-0.001900,0.015366
9600000000,2.090513,-0.629805,9.518858,-0.000788,0.016119,-0.027459
9610000000,2.057426,-0.631125,9.652767,0.005068,0.013122,-0.006048
9620000000,2.000991,-0.590654,9.636900,-0.009584,0.005076,-0.013468
9630000000,2.034816,-0.666351,9.494631,0.012372,0.010578,0.015623
9640000000,2.083530,-0.672744,9.575048,0.000036,-0.010647,-0.005019
9650000000,2.117182,-0.661020,9.629773,0.001410,-0.001085,0.007519
9660000000,2.015228,-0.648084,9.559200,-0.011746,-0.007338,-0.006357
9670000000,1.966741,-0.632025,9.617695,-0.000484,0.004255,-0.012210
9680000000,2.029351,-0.649560,9.527451,-0.015553,0.014327,0.005697
9690000000,2.066458,-0.676398,9.543250,-0.005673,0.015605,0.004260
9700000000,1.996812,-0.652041,9.605107,-0.015394,0.003304,0.004251
9710000000,2.004780,-0.657460,9.632853,0.008544,-0.013176,-0.015683
9720000000,2.016851,-0.678904,9.634398,0.000523,-0.008718,0.009353
9730000000,2.026517,-0.742658,9.549782,-0.007381,-0.009706,-0.013000
9740000000,2.035309,-0.670894,9.577553,0.005898,0.001866,-0.015208
9750000000,2.025142,-0.611469,9.651913,0.006310,0.005856,-0.010094
9760000000,1.987952,-0.727218,9.624594,0.005773,0.001286,0.010228
9770000000,2.057599,-0.605205,9.532114,0.000168,-0.002397,0.004448
9780000000,1.976488,-0.715673,9.598879,0.017758,0.003536,0.013106
9790000000,2.037064,-0.569033,9.519630,-0.009729,-0.009519,-0.011227
9800000000,2.019461,-0.714409,9.546085,-0.001897,0.011590,-0.002257
9810000000,2.028002,-0.607030,9.579892,-0.003882,-0.021405,-0.007922
9820000000,2.024171,-0.679207,9.531565,0.006510,-0.015524,-0.009366
9830000000,2.064970,-0.645003,9.569589,-0.004249,-0.001092,0.008470
9840000000,2.039951,-0.738354,9.569917,0.002750,0.006875,0.012676
9850000000,2.004212,-0.623153,9.530948,0.007445,0.003001,-0.012438
9860000000,2.067401,-0.683495,9.574910,-0.002087,-0.000159,-0.003352
9870000000,2.036390,-0.630189,9.512243,0.004255,-0.006587,0.016104
9880000000,2.025064,-0.616260,9.613900,0.004026,0.002620,0.005322
9890000000,2.024104,-0.722023,9.515338,-0.002665,0.003211,-0.006605
9900000000,1.955830,-0.691349,9.531278,-0.016486,0.010838,-0.002080
9910000000,2.070038,-0.649247,9.591850,0.010784,0.017330,-0.001046
9920000000,2.043811,-0.720470,9.514412,-0.000104,0.006494,-0.004184
9930000000,2.089300,-0.637980,9.648632,-0.007590,-0.009877,0.019743
9940000000,1.980702,-0.654681,9.526552,0.006692,-0.020760,-0.006413
9950000000,2.026517,-0.579020,9.618610,-0.011594,0.001645,0.001912
9960000000,2.171819,-0.623421,9.623119,0.008788,-0.001966,-0.020622
9970000000,2.104298,-0.677552,9.593198,0.012433,0.007165,-0.005399
9980000000,2.072015,-0.639216,9.579109,-0.005632,-0.021652,0.003064
9990000000,2.001767,-0.704320,9.538710,0.000542,0.004551,0.013603
10000000000,2.092416,-0.625212,9.553658,0.003852,0.008822,0.001770
10010000000,2.044265,-0.696831,9.596541,-0.015182,0.004307,0.015722
10020000000,1.951070,-0.642723,9.635444,-0.004029,-0.015229,-0.003989
10030000000,2.024457,-0.572638,9.584135,-0.009304,-0.002216,-0.014837
10040000000,2.135113,-0.606985,9.551816,0.007201,0.017508,-0.002750
10050000000,2.009668,-0.632976,9.599823,0.007768,-0.000550,0.009614
10060000000,2.010400,-0.611797,9.551621,-0.019118,0.006377,-0.004170
10070000000,1.988317,-0.694784,9.464107,-0.004930,-0.000377,0.008721
10080000000,2.098919,-0.657930,9.545147,-0.003292,-0.009971,0.013071
10090000000,2.008756,-0.636087,9.599177,0.003241,-0.005347,0.013044
10100000000,2.023720,-0.756551,9.539870,-0.007488,0.003519,0.017571
10110000000,1.990926,-0.632478,9.691029,-0.007572,-0.002531,-0.019522
10120000000,2.012190,-0.743742,9.522804,0.015364,0.011712,0.001094
10130000000,2.062116,-0.645272,9.610932,0.007532,-0.004675,-0.014812
10140000000,1.988222,-0.667709,9.599861,0.010621,0.012693,-0.006229
10150000000,2.106571,-0.702786,9.510490,0.002182,0.005318,0.019036
10160000000,2.032695,-0.637890,9.621415,0.020444,-0.011302,-0.002543
10170000000,2.011438,-0.716632,9.565551,0.008024,-0.007431,0.012804
10180000000,1.917543,-0.624845,9.671119,0.009044,-0.012689,-0.007666
10190000000,2.060859,-0.734409,9.583769,-0.015517,-0.004077,-0.014121
10200000000,1.975791,-0.665842,9.605265,0.001258,-0.008915,-0.010876
10210000000,2.057899,-0.669225,9.597688,-0.007381,0.008938,-0.009176
10220000000,2.049085,-0.673222,9.548898,0.007393,-0.000602,0.007260
10230000000,2.067728,-0.616721,9.500961,-0.002099,0.008614,-0.014219
10240000000,2.029985,-0.710007,9.627428,0.000405,-0.005909,0.006826
10250000000,1.999135,-0.737186,9.475765,0.010809,0.016738,-0.004056
10260000000,1.993472,-0.648730,9.575345,0.006010,-0.004583,-0.001644
10270000000,2.073610,-0.699309,9.638648,-0.009392,0.008630,0.000010
10280000000,1.960892,-0.690310,9.604682,-0.009678,0.028752,0.001111
10290000000,2.016015,-0.684064,9.603090,-0.017785,0.003621,-0.014117
10300000000,2.022593,-0.631929,9.545357,-0.005391,0.007767,0.001251
10310000000,2.043082,-0.696754,9.502719,-0.000472,0.006851,-0.008673
10320000000,2.019762,-0.623370,9.598880,0.013520,-0.002631,-0.014019
10330000000,2.089478,-0.605083,9.599331,-0.016542,-0.016891,-0.003290
10340000000,2.060417,-0.731420,9.674463,0.017957,-0.006591,-0.007064
10350000000,2.013759,-0.655573,9.615725,-0.003638,-0.014240,-0.004116
10360000000,1.942009,-0.670929,9.576893,-0.004259,0.014210,-0.012390
10370000000,2.081248,-0.772964,9.499162,0.002463,0.006420,0.007416
10380000000,2.065807,-0.654599,9.545117,-0.010896,-0.016254,0.004564
10390000000,2.052038,-0.617848,9.489609,-0.009606,-0.007581,-0.007547
10400000000,2.008006,-0.689775,9.525550,0.006636,-0.004004,-0.001388
10410000000,2.001331,-0.694898,9.567819,0.007370,0.000272,-0.001804
10420000000,2.024142,-0.617647,9.577916,0.010324,-0.006692,-0.008197
10430000000,2.069998,-0.611502,9.483273,-0.010677,-0.019949,0.012910
10440000000,2.043192,-0.704823,9.484600,0.017301,0.005458,-0.008360
10450000000,2.053407,-0.786125,9.584541,0.009200,0.002230,-0.013666
10460000000,1.962682,-0.762560,9.588780,0.006454,-0.005875,-0.010728
10470000000,2.022874,-0.711580,9.535166,-0.007100,-0.000700,-0.006301
10480000000,1.965279,-0.611526,9.606620,-0.004312,-0.002280,-0.010975
10490000000,2.019898,-0.609369,9.610935,-0.006383,-0.000467,0.016205
10500000000,2.018174,-0.585096,9.467807,-0.008645,0.015891,0.014335
10510000000,2.029769,-0.696321,9.549661,0.025262,0.003427,-0.013869
10520000000,2.085870,-0.700192,9.581187,-0.011866,0.001626,-0.006872
10530000000,2.053720,-0.733244,9.529968,0.004583,-0.017456,-0.011596
10540000000,2.027500,-0.718904,9.598028,-0.004636,0.000845,-0.010746
10550000000,1.992468,-0.638268,9.620008,-0.016152,-0.007371,-0.006095
10560000000,2.041961,-0.661462,9.509466,0.007750,-0.003266,0.006566
10570000000,1.999045,-0.687881,9.537723,-0.003121,-0.002666,-0.003840
10580000000,1.986631,-0.580886,9.555012,0.006391,0.010770,0.002356
10590000000,2.064542,-0.571345,9.598064,-0.002593,-0.001169,-0.005158
10600000000,1.991382,-0.647410,9.656878,-0.002251,-0.006744,0.000650
10610000000,2.052115,-0.660117,9.571214,-0.001765,-0.012238,0.000164
10620000000,2.097362,-0.698484,9.608662,0.027137,0.002470,0.009271
10630000000,2.099373,-0.678757,9.650200,0.003492,0.019984,-0.010987
10640000000,1.932213,-0.734127,9.513323,-0.012378,0.012061,0.028648
10650000000,2.136139,-0.620784,9.592325,0.000317,0.007053,-0.001143
10660000000,2.087452,-0.725284,9.580625,0.001280,-0.009125,0.013499
10670000000,2.030012,-0.687154,9.573122,0.004984,0.007362,-0.005698
10680000000,2.011089,-0.671159,9.622092,-0.013163,0.009721,-0.006648
10690000000,2.038621,-0.636526,9.608315,0.006447,-0.014615,0.006064
10700000000,2.095502,-0.667578,9.538482,0.000680,0.001814,-0.004490
10710000000,2.020457,-0.653048,9.608256,-0.008900,0.001293,0.006090
10720000000,2.066724,-0.599491,9.515671,-0.004408,-0.007015,-0.015282
10730000000,1.942381,-0.661954,9.589307,-0.002006,-0.011163,-0.007375
10740000000,2.097721,-0.594648,9.635048,-0.008011,-0.007089,-0.005094
10750000000,2.078304,-0.689672,9.556417,0.001741,0.002656,-0.009471
10760000000,2.079777,-0.646212,9.545931,-0.005703,0.025005,0.007131
10770000000,1.987102,-0.687667,9.531541,-0.001474,-0.000342,-0.004661
10780000000,2.015311,-0.634926,9.548470,0.005978,0.012625,-0.007752
10790000000,2.038743,-0.650827,9.658566,0.018206,-0.013103,-0.000298
10800000000,1.968680,-0.622983,9.600851,0.004298,-0.000943,0.009140
10810000000,2.092947,-0.655581,9.512388,0.002154,0.000544,-0.004046
10820000000,2.039845,-0.783059,9.534584,0.002661,-0.009823,-0.005820
10830000000,2.043699,-0.684064,9.517256,0.010987,-0.009411,0.010331
10840000000,2.046274,-0.594892,9.614284,0.009993,-0.006570,0.004833
10850000000,2.050690,-0.591461,9.621900,0.009249,0.006164,0.001122
10860000000,1.996982,-0.720798,9.561742,0.011737,-0.012632,0.003274
10870000000,2.020329,-0.564558,9.507629,-0.009113,0.011342,0.009153
10880000000,2.025222,-0.636515,9.595778,0.001596,-0.010512,-0.003551
10890000000,2.087682,-0.684123,9.584920,-0.008439,0.012623,-0.001498
10900000000,2.081824,-0.669461,9.627439,-0.011481,0.016980,0.010088
10910000000,1.972658,-0.619835,9.536643,-0.009331,0.011814,-0.009872
10920000000,1.937960,-0.630826,9.549854,0.001707,0.013353,0.001501
10930000000,2.007519,-0.630333,9.715577,0.009103,0.009124,-0.021647
10940000000,1.984357,-0.592808,9.545033,-0.013932,-0.005906,-0.009141
10950000000,1.972517,-0.690064,9.531756,-0.000450,-0.003955,0.004036
10960000000,1.977434,-0.775343,9.575611,0.023972,-0.010487,0.009908
10970000000,1.996182,-0.770979,9.558432,-0.005707,-0.011604,-0.010854
10980000000,1.912724,-0.683656,9.592825,0.016881,0.008552,-0.010861
10990000000,2.082490,-0.715890,9.555086,0.011442,0.007556,0.013612
11000000000,1.998296,-0.650835,9.582407,0.017601,0.006610,0.008640
11010000000,1.990407,-0.638418,9.609372,-0.010477,0.010269,-0.002040
11020000000,2.039613,-0.659019,9.584895,0.005508,0.012957,-0.010098
11030000000,2.017241,-0.724590,9.522915,0.005598,-0.029129,-0.004063
11040000000,2.064257,-0.606961,9.600545,-0.006654,-0.006002,-0.010485
11050000000,2.017992,-0.642088,9.573641,0.001429,-0.005772,-0.003206
11060000000,2.029559,-0.763748,9.603215,0.002332,0.015304,-0.006656
11070000000,1.959227,-0.543751,9.534338,0.002442,0.000756,-0.007390
11080000000,2.086637,-0.739097,9.543044,-0.000145,-0.017711,0.016239
11090000000,2.041093,-0.743037,9.601583,-0.008650,-0.013194,0.010498
11100000000,2.057172,-0.722828,9.639958,0.002401,-0.010522,0.003064
11110000000,2.049395,-0.679563,9.540138,0.005239,0.002510,0.007260
11120000000,2.039154,-0.662606,9.526007,0.007500,0.010054,0.006770
11130000000,2.069509,-0.677733,9.598416,-0.019507,0.008754,0.000632
11140000000,2.028473,-0.643709,9.597127,0.010831,-0.010557,-0.000602
11150000000,2.070709,-0.595628,9.626029,0.001666,-0.001634,0.006761
11160000000,2.096416,-0.630321,9.550006,-0.012048,-0.017852,0.007250
11170000000,1.946010,-0.703111,9.611549,0.000842,-0.007482,-0.003588
11180000000,2.127495,-0.586478,9.582640,-0.004506,0.011647,-0.007179
11190000000,2.036198,-0.680539,9.542800,-0.000545,0.000226,-0.012702
11200000000,2.146914,-0.669830,9.566031,-0.001702,0.005166,-0.002624
11210000000,1.989864,-0.719375,9.566027,0.009848,-0.015000,0.015166
11220000000,2.117464,-0.612598,9.460003,0.016574,-0.011522,-0.007062
11230000000,1.957204,-0.606019,9.555085,-0.000718,0.001337,0.000700
11240000000,2.058070,-0.714595,9.554829,-0.001628,-0.017125,0.024258
11250000000,2.023643,-0.659492,9.525328,0.006018,-0.002694,0.010066
11260000000,1.989043,-0.732647,9.522882,0.014258,0.007298,-0.009786
11270000000,2.119707,-0.666121,9.543949,0.006661,0.012014,-0.017203
11280000000,2.049364,-0.717932,9.533002,0.009276,-0.006261,0.024326
11290000000,1.977189,-0.696973,9.583963,0.018100,0.014086,0.019844
11300000000,2.021171,-0.727683,9.553869,-0.011252,0.001842,-0.010319
11310000000,2.073803,-0.598794,9.656624,-0.019716,-0.008335,0.000470
11320000000,2.060417,-0.677917,9.653296,0.026466,0.000761,0.005080
11330000000,2.030058,-0.696204,9.560424,-0.004629,-0.001161,0.014606
11340000000,2.050696,-0.633938,9.625571,0.010151,-0.006912,-0.006255
11350000000,2.016869,-0.648642,9.580641,-0.008553,-0.007799,-0.003673
11360000000,1.980550,-0.688725,9.648845,-0.024197,-0.007798,0.005596
11370000000,2.075254,-0.653954,9.607583,-0.026581,-0.000633,-0.011863
11380000000,2.069980,-0.641320,9.598039,0.006449,-0.005606,-0.016877
11390000000,2.046363,-0.713980,9.554244,0.005140,-0.011244,0.020636
11400000000,2.041789,-0.676547,9.558376,0.003984,-0.012446,0.009164
11410000000,1.994902,-0.701572,9.641803,-0.000926,-0.001160,0.001659
11420000000,2.029144,-0.608205,9.636614,0.005085,-0.004684,0.005804
11430000000,2.027796,-0.779986,9.574925,-0.015534,0.002838,-0.014625
11440000000,2.150182,-0.697856,9.644827,0.000385,-0.001897,-0.005101
11450000000,2.025678,-0.661740,9.510117,-0.015008,0.017800,-0.014376
11460000000,2.154810,-0.689219,9.574895,-0.004613,0.004678,0.004777
11470000000,2.021950,-0.621605,9.533023,0.013171,0.000866,0.012483
11480000000,1.963603,-0.657395,9.646704,-0.006961,0.002078,-0.000317
11490000000,1.983195,-0.678751,9.562291,-0.002659,-0.007584,0.005823
11500000000,2.002306,-0.701419,9.489226,-0.005348,-0.001369,-0.003048
11510000000,2.111441,-0.668540,9.603815,0.010582,-0.000447,0.010269
11520000000,2.002556,-0.741876,9.594610,-0.011646,-0.000839,0.000028
11530000000,2.019454,-0.707256,9.576963,-0.002426,0.026396,0.007308
11540000000,2.040215,-0.664853,9.587515,0.003889,-0.016254,-0.002493
11550000000,2.027578,-0.538400,9.651266,0.001723,0.020605,-0.006908
11560000000,2.023283,-0.675453,9.602435,0.012066,-0.001612,-0.018167
11570000000,2.045652,-0.686526,9.585898,-0.004326,-0.005022,0.003423
11580000000,2.049908,-0.569222,9.546904,-0.001695,-0.005267,0.009149
11590000000,2.006306,-0.680482,9.533661,0.011357,0.004476,-0.017509
11600000000,2.011843,-0.658046,9.580171,0.011638,-0.013857,-0.004835
11610000000,2.018964,-0.685112,9.440931,0.014415,-0.009919,0.017945
11620000000,2.021056,-0.666253,9.681847,-0.003429,-0.007154,-0.024713
11630000000,2.094614,-0.694930,9.540127,-0.002218,-0.011582,0.004241
11640000000,2.070006,-0.699208,9.658543,0.001195,-0.009873,-0.003048
11650000000,2.082235,-0.707219,9.566676,-0.020557,-0.014229,0.008285
11660000000,1.973251,-0.604146,9.593946,-0.010835,0.007826,0.007627
11670000000,2.066017,-0.746500,9.569416,0.005311,-0.012849,0.016685
11680000000,2.010772,-0.592826,9.585209,0.005546,-0.005658,-0.005582
11690000000,2.042655,-0.622428,9.526041,0.010453,-0.005515,0.015967
11700000000,2.096946,-0.762921,9.635794,0.002572,-0.002238,0.003300
11710000000,2.043795,-0.715054,9.591582,0.006705,-0.023363,-0.011200
11720000000,2.066374,-0.572556,9.503327,0.007677,0.026835,-0.009454
11730000000,2.123671,-0.632993,9.627989,0.003442,-0.007312,0.004932
11740000000,2.069949,-0.664510,9.622552,0.000317,-0.000059,-0.011702
11750000000,2.030876,-0.719370,9.504040,-0.005842,0.008830,0.012047
11760000000,2.031944,-0.574302,9.491707,-0.001754,0.005412,0.010796
11770000000,2.127475,-0.646950,9.496313,-0.017285,-0.009847,0.004534
11780000000,2.032992,-0.739934,9.599380,0.003717,-0.014564,0.005384
11790000000,1.945773,-0.777941,9.552079,0.007278,0.005696,0.017772
11800000000,1.979958,-0.711679,9.614912,0.014983,-0.019475,0.005639
11810000000,2.093165,-0.582698,9.577112,-0.005791,0.002912,-0.009772
11820000000,2.011288,-0.811824,9.532329,-0.002219,0.003830,-0.001220
11830000000,2.019729,-0.627842,9.653370,-0.006619,0.000582,-0.013463
11840000000,1.981467,-0.719033,9.571838,-0.008100,-0.009726,0.002423
11850000000,2.084697,-0.659688,9.527194,-0.004222,-0.012395,0.002812
11860000000,2.037311,-0.705033,9.614534,0.007585,-0.020769,-0.002443
11870000000,2.111744,-0.662105,9.488667,-0.009881,0.007794,0.002792
11880000000,1.997012,-0.700844,9.550781,0.015873,0.018132,0.006930
11890000000,2.039367,-0.604533,9.657154,-0.003263,0.005188,0.005158
11900000000,1.978097,-0.571697,9.623484,0.003491,-0.002064,0.007647
11910000000,1.997736,-0.688471,9.552173,-0.018298,-0.005736,-0.007910
11920000000,2.009297,-0.640113,9.502560,-0.017985,-0.005946,0.012483
11930000000,2.007879,-0.587031,9.656135,0.021294,-0.001210,-0.007123
11940000000,2.059166,-0.613194,9.549893,-0.006126,0.005090,0.001537
11950000000,2.051715,-0.738990,9.591483,0.018276,-0.012019,-0.016835
11960000000,2.100934,-0.648743,9.567887,0.003731,0.009079,0.010861
11970000000,2.038603,-0.622825,9.540086,-0.012297,0.002239,-0.001211
11980000000,1.980919,-0.659625,9.604279,-0.005167,0.020251,0.002798
11990000000,2.056781,-0.652990,9.610997,0.013331,0.005572,0.009835
12000000000,2.073361,-0.714055,9.551932,0.008665,0.003160,-0.003188
12010000000,2.046911,-0.651662,9.576380,-0.001275,0.004376,-0.003540
12020000000,2.124417,-0.751899,9.626648,-0.001707,0.002694,0.016141
12030000000,2.110201,-0.650872,9.606608,0.000758,-0.001438,0.006950
12040000000,2.146088,-0.540989,9.555005,0.006328,-0.001661,-0.014690
12050000000,2.217942,-0.529077,9.553122,-0.009418,0.004396,-0.005765
12060000000,2.316859,-0.557939,9.537031,-0.001375,-0.005757,-0.002458
12070000000,2.333080,-0.487240,9.530121,-0.002114,0.016338,-0.005117
12080000000,2.432408,-0.369925,9.470955,0.000770,-0.022995,-0.004448
12090000000,2.454283,-0.456279,9.438247,-0.008356,0.010622,-0.013658
12100000000,2.529657,-0.376790,9.430113,-0.017435,0.001768,0.005555
12110000000,2.479015,-0.414794,9.553299,0.006117,0.011437,-0.008023
12120000000,2.565748,-0.350612,9.490695,-0.010513,0.005228,0.004076
12130000000,2.584781,-0.340525,9.464554,0.001264,-0.006289,0.011265
12140000000,2.627399,-0.398647,9.462714,-0.016413,0.008963,0.013852
12150000000,2.661286,-0.233425,9.470111,-0.000644,-0.002101,0.004533
12160000000,2.740721,-0.241588,9.502177,0.002912,-0.006159,0.012100
12170000000,2.720559,-0.242388,9.428895,-0.011390,0.000071,0.020809
12180000000,2.835443,-0.270811,9.445352,-0.007094,-0.003620,-0.001789
12190000000,2.762764,-0.159660,9.409210,-0.004154,-0.011009,-0.001657
12200000000,2.829837,-0.097325,9.463661,0.002252,0.002680,0.002151
12210000000,2.870193,-0.166751,9.472208,-0.001016,0.003827,0.003237
12220000000,3.051583,-0.068632,9.422353,0.013566,0.011209,-0.013704
12230000000,2.997691,-0.036497,9.422424,0.006915,-0.008914,-0.005192
12240000000,3.049612,-0.130824,9.375324,-0.004082,0.003945,0.009277
12250000000,3.037601,0.007505,9.496153,0.004871,-0.012474,-0.003942
12260000000,3.223073,0.024426,9.389735,0.024277,-0.005306,-0.001917
12270000000,3.085650,0.029336,9.394221,0.014370,-0.008831,-0.002188
12280000000,3.287327,0.040832,9.420196,0.002248,0.004817,-0.003685
12290000000,3.328726,0.107439,9.344136,-0.009628,0.004261,-0.006820
12300000000,3.265723,0.110534,9.315602,0.007421,-0.003340,0.003291
12310000000,3.269567,0.143639,9.389215,-0.001071,0.006364,-0.012930
12320000000,3.340756,0.194915,9.273561,-0.004033,-0.007351,-0.018101
12330000000,3.471960,0.186236,9.258689,0.013994,-0.007252,-0.013541
12340000000,3.370576,0.220984,9.301984,0.000786,-0.012718,-0.023711
12350000000,3.471039,0.226263,9.266115,-0.014948,0.002448,-0.026555
12360000000,3.575445,0.248695,9.229240,-0.007752,-0.000885,0.003741
12370000000,3.598175,0.397623,9.342628,0.008465,-0.024449,-0.009226
12380000000,3.570263,0.211715,9.323825,-0.000633,0.000821,0.002928
12390000000,3.721073,0.385337,9.357187,0.003229,-0.002376,-0.010634
12400000000,3.717390,0.266006,9.284832,0.001698,0.021204,-0.008280
12410000000,3.737332,0.395453,9.200133,0.011387,-0.004343,-0.016127
12420000000,3.658610,0.293358,9.251007,-0.014419,-0.001038,-0.002393
12430000000,3.738863,0.342900,9.268099,0.010655,0.008618,0.000270
12440000000,3.771989,0.329060,9.310658,-0.006759,0.005145,-0.005800
12450000000,3.770899,0.401368,9.330548,0.003557,-0.005850,0.017312
12460000000,3.698261,0.335375,9.286678,-0.002098,-0.005926,-0.007074
12470000000,3.652596,0.395622,9.356328,0.013790,0.007777,-0.009440
12480000000,3.710272,0.368405,9.245391,-0.008334,-0.006060,-0.004133
12490000000,3.696419,0.343809,9.245927,0.001118,0.013836,-0.002187
12500000000,3.692601,0.415397,9.254930,0.005564,0.009984,0.000250
12510000000,3.826858,0.378373,9.301703,0.010597,0.008349,0.003914
12520000000,3.809311,0.362821,9.280459,-0.001882,-0.020124,0.002691
12530000000,3.706565,0.400831,9.241617,0.000345,-0.007026,0.007896
12540000000,3.738783,0.403336,9.259509,0.018408,0.003092,-0.003930
12550000000,3.720356,0.347659,9.309440,0.009129,-0.003235,-0.004611
12560000000,3.719955,0.387761,9.277379,-0.003933,-0.005515,-0.015589
12570000000,3.746488,0.288449,9.267877,0.002199,0.000882,-0.006962
12580000000,3.697238,0.304928,9.227536,-0.020335,-0.010132,-0.000512
12590000000,3.642386,0.252902,9.304676,0.017248,0.003707,-0.001314
12600000000,3.719078,0.360327,9.225661,-0.011956,0.011584,-0.002756
12610000000,3.681387,0.321247,9.301294,0.002827,0.008682,-0.013927
12620000000,3.694457,0.335151,9.297250,0.002230,0.002531,0.001195
12630000000,3.743039,0.383618,9.281213,-0.010209,-0.008797,0.008270
12640000000,3.671907,0.342125,9.341382,0.000314,-0.010239,0.004817
12650000000,3.730976,0.390705,9.282986,0.006015,0.005171,0.004902
12660000000,3.670558,0.375604,9.191134,-0.003686,0.006610,-0.001328
12670000000,3.735390,0.323530,9.353869,0.004889,0.017713,-0.021685
12680000000,3.676729,0.368806,9.335691,-0.004695,-0.004318,-0.018600
12690000000,3.789414,0.353981,9.347269,-0.005177,0.011246,0.005870
12700000000,3.810664,0.324831,9.343248,0.010633,-0.022263,-0.005646
12710000000,3.801697,0.335946,9.219661,-0.012867,-0.006813,-0.008745
12720000000,3.692927,0.418314,9.277912,-0.002919,0.003211,-0.002566
12730000000,3.735939,0.364212,9.287781,-0.009147,-0.011520,0.000118
12740000000,3.759618,0.385557,9.233300,0.001728,0.000432,-0.023450
12750000000,3.734844,0.430147,9.276678,-0.004409,-0.006985,0.011892
12760000000,3.804807,0.424818,9.224820,-0.011474,-0.001612,0.007185
12770000000,3.758892,0.368588,9.291753,0.000510,0.009397,0.014725
12780000000,3.638229,0.389120,9.222062,0.002022,0.006356,-0.015284
12790000000,3.789674,0.337962,9.296972,0.012645,0.008428,0.016496
12800000000,3.800039,0.364267,9.251516,-0.010511,-0.002115,-0.012001
12810000000,3.665358,0.264716,9.311290,0.007212,0.001904,0.005772
12820000000,3.821207,0.428223,9.378230,-0.006838,0.012896,0.008439
12830000000,3.746513,0.325603,9.254025,0.005539,-0.023063,-0.021374
12840000000,3.804482,0.346873,9.225232,-0.009933,0.000440,0.009552
12850000000,3.711907,0.324485,9.227566,-0.002163,0.017109,-0.008154
12860000000,3.821619,0.388341,9.260812,-0.001096,0.000556,0.012579
12870000000,3.776051,0.344881,9.269318,-0.015992,-0.004769,-0.012549
12880000000,3.692838,0.357772,9.260154,-0.018365,0.003997,-0.002350
12890000000,3.715034,0.348132,9.200871,-0.001537,-0.002256,0.001870
12900000000,3.669044,0.300397,9.223267,0.004649,0.000814,-0.009094
12910000000,3.746200,0.393222,9.239871,0.006636,0.017715,-0.021340
12920000000,3.764429,0.335998,9.288018,0.000966,0.010524,-0.008337
12930000000,3.693116,0.310124,9.257075,0.006266,0.007661,0.001828
12940000000,3.703375,0.300507,9.268955,0.003034,-0.004496,0.006349
12950000000,3.775973,0.431463,9.310074,0.000028,0.018272,0.014810
12960000000,3.718973,0.347199,9.197816,-0.001833,-0.014856,-0.003326
12970000000,3.733535,0.363721,9.265180,0.004539,0.008382,-0.000252
12980000000,3.698979,0.440803,9.241465,0.004099,0.001103,-0.002098
12990000000,3.671473,0.350882,9.213644,0.012531,-0.002335,0.006568
13000000000,3.777158,0.358995,9.312840,0.015129,-0.003990,0.009653
13010000000,3.646276,0.308894,9.346020,-0.005814,-0.003085,0.013784
13020000000,3.747678,0.366572,9.313669,0.006158,0.001416,0.011564
13030000000,3.764431,0.436216,9.298072,-0.015090,0.006667,0.004730
13040000000,3.626999,0.298320,9.275548,0.015764,-0.010209,-0.013096
13050000000,3.701599,0.435373,9.270977,0.022003,-0.015270,0.012727
13060000000,3.846661,0.336824,9.230293,0.007102,-0.007999,0.001169
13070000000,3.760878,0.287867,9.304105,-0.009908,-0.018647,-0.001372
13080000000,3.716645,0.235379,9.272765,0.005105,0.000343,0.015462
13090000000,3.719932,0.377084,9.288654,-0.007491,-0.003163,0.013261
13100000000,3.722069,0.258819,9.372614,0.014938,0.008525,-0.011299
13110000000,3.861619,0.322145,9.380364,0.008237,-0.010638,0.000310
13120000000,3.664925,0.336636,9.288886,-0.011748,-0.007584,0.015852
13130000000,3.731996,0.359648,9.276032,-0.010901,0.003530,0.016593
13140000000,3.729111,0.358168,9.287636,0.025257,-0.001924,0.010570
13150000000,3.743166,0.373701,9.309628,0.009181,0.003733,-0.000642
13160000000,3.767882,0.265066,9.273530,0.021867,0.002309,-0.007673
13170000000,3.759309,0.330116,9.328898,-0.000049,0.011870,0.004291
13180000000,3.780565,0.269652,9.261450,-0.012499,0.026112,0.010949
13190000000,3.672014,0.322868,9.226993,0.002592,0.012187,-0.006336
13200000000,3.777698,0.376103,9.242172,-0.002632,0.012380,-0.007168
13210000000,3.704992,0.387322,9.330330,0.005140,0.000956,-0.010306
13220000000,3.751910,0.305263,9.238116,-0.014787,0.000927,-0.004881
13230000000,3.702398,0.379259,9.371464,0.009232,0.008423,0.012047
13240000000,3.703881,0.263561,9.337041,0.000609,-0.008986,-0.016828
13250000000,3.782376,0.367891,9.257096,0.002249,-0.003350,0.002582
13260000000,3.704302,0.399952,9.424408,0.000961,-0.006602,0.003659
13270000000,3.656496,0.311639,9.308683,-0.011839,-0.008376,0.014750
13280000000,3.745980,0.394675,9.304128,0.003722,-0.006147,0.009386
13290000000,3.737573,0.371333,9.220695,0.007915,-0.010327,-0.005754
13300000000,3.838178,0.345320,9.286162,0.005907,-0.014481,-0.002862
13310000000,3.720763,0.364940,9.193474,-0.025807,-0.003925,-0.008620
13320000000,3.741277,0.441422,9.256925,0.007813,-0.006209,-0.006410
13330000000,3.760579,0.316040,9.272492,0.005598,-0.028508,0.002990
13340000000,3.754109,0.398964,9.263083,-0.006244,0.008534,0.001753
13350000000,3.812837,0.343240,9.254407,-0.010944,0.007077,-0.001878
13360000000,3.734850,0.260737,9.236903,0.005083,0.007211,-0.002704
13370000000,3.793699,0.332146,9.328353,-0.019719,0.009014,0.021082
13380000000,3.736187,0.349022,9.274077,-0.006046,0.002519,0.000462
13390000000,3.632012,0.357065,9.216286,-0.000159,0.007782,-0.014902
13400000000,3.655567,0.340724,9.189167,-0.003565,0.014241,-0.002010
13410000000,3.594192,0.305377,9.277516,0.001183,0.002592,0.002655
13420000000,3.718820,0.331094,9.244096,0.000194,0.012984,0.013222
13430000000,3.702795,0.475647,9.229031,-0.006003,-0.003222,0.002470
13440000000,3.711079,0.348535,9.251965,0.011087,-0.003886,-0.006182
13450000000,3.728646,0.323620,9.285877,0.003545,-0.000918,0.006557
13460000000,3.766532,0.329634,9.268953,-0.013636,-0.018592,-0.004422
13470000000,3.710580,0.345466,9.338473,0.001122,0.009301,-0.018431
13480000000,3.777382,0.447818,9.216111,-0.015356,0.009758,-0.006353
13490000000,3.674222,0.310480,9.272530,-0.012813,0.004533,0.000623
13500000000,3.789747,0.355875,9.319309,0.018992,0.001627,-0.004704
13510000000,3.655736,0.404632,9.355423,0.007624,-0.003802,-0.017997
13520000000,3.729505,0.281770,9.327160,-0.005329,-0.008070,-0.002844
13530000000,3.693387,0.390805,9.275637,-0.006321,-0.000567,-0.012955
13540000000,3.776560,0.358227,9.301209,0.000766,-0.007200,-0.011178
13550000000,3.677789,0.320738,9.224618,-0.008157,0.011819,0.000514
13560000000,3.740695,0.307134,9.287610,0.005387,0.000381,-0.003365
13570000000,3.816401,0.395663,9.362725,0.009866,0.016057,-0.009287
13580000000,3.779371,0.260523,9.308297,0.006154,0.006978,-0.003149
13590000000,3.810701,0.405045,9.287858,-0.011419,0.005357,-0.011098
13600000000,3.760582,0.368025,9.321266,-0.007877,-0.003926,-0.004716
13610000000,3.662616,0.281880,9.277102,0.008549,0.006446,0.002677
13620000000,3.805532,0.326439,9.334691,-0.014689,0.009260,-0.003477
13630000000,3.674365,0.420268,9.249623,-0.003799,-0.001297,-0.014605
13640000000,3.682685,0.389835,9.290176,-0.019394,-0.005547,-0.002102
13650000000,3.762012,0.295954,9.273457,-0.016544,-0.006127,-0.006193
13660000000,3.678187,0.323655,9.269773,0.002815,0.013280,-0.009702
13670000000,3.792911,0.399094,9.254128,-0.021108,-0.008725,0.000113
13680000000,3.779874,0.236907,9.318379,-0.014294,0.015462,0.015928
13690000000,3.745409,0.388591,9.281824,-0.003467,0.005646,0.010007
13700000000,3.720660,0.314731,9.316806,-0.014092,0.008069,-0.006530
13710000000,3.728273,0.426100,9.328968,-0.011083,0.000161,0.000258
13720000000,3.769467,0.321694,9.337844,-0.006476,-0.001498,-0.006080
13730000000,3.690024,0.320545,9.238029,-0.013895,-0.000807,0.001876
13740000000,3.740627,0.331715,9.345696,0.003310,-0.000659,-0.006316
13750000000,3.687222,0.412999,9.308251,-0.013423,-0.009151,0.019621
13760000000,3.696101,0.381773,9.315187,-0.011708,0.006394,-0.009137
13770000000,3.736898,0.426539,9.309366,-0.011884,-0.024723,-0.002507
13780000000,3.748481,0.303636,9.265923,0.010147,-0.008721,-0.010144
13790000000,3.655540,0.331132,9.169908,-0.010685,-0.009835,0.004851
13800000000,3.717827,0.311292,9.276963,0.017857,0.016551,0.007508
13810000000,3.760188,0.404605,9.198338,0.003400,0.006081,0.010914
13820000000,3.726541,0.315224,9.331849,-0.017101,0.016340,0.000323
13830000000,3.680692,0.373130,9.244665,-0.016955,0.005960,0.010986
13840000000,3.705577,0.353813,9.247624,-0.026581,0.004859,0.000063
13850000000,3.800600,0.397384,9.279214,0.011616,0.013642,-0.008809
13860000000,3.853776,0.406175,9.327356,0.010908,-0.001690,-0.000693
13870000000,3.766355,0.341997,9.189437,0.007054,-0.023594,-0.005080
13880000000,3.789920,0.407142,9.247478,0.000504,-0.004756,-0.005851
13890000000,3.601018,0.320324,9.251636,0.016025,0.003288,-0.003440
13900000000,3.738420,0.318380,9.298966,-0.018670,0.000246,-0.001111
13910000000,3.607634,0.399651,9.302299,0.012331,-0.015330,0.009041
13920000000,3.710747,0.328982,9.228222,-0.009930,0.010580,-0.001352
13930000000,3.735755,0.278188,9.227006,-0.014233,0.002826,-0.000251
13940000000,3.724900,0.250244,9.331120,-0.002669,-0.016512,0.013338
13950000000,3.727664,0.321022,9.284322,-0.009422,-0.013847,0.008626
13960000000,3.700317,0.381538,9.267426,-0.009198,-0.024389,0.001557
13970000000,3.720749,0.238587,9.214008,0.006407,0.014412,0.003149
13980000000,3.803232,0.382353,9.329517,-0.003208,0.013948,0.000227
13990000000,3.741948,0.345672,9.199917,0.003111,-0.024428,0.002129
14000000000,3.747302,0.363091,9.177693,0.001445,0.005592,0.000130
14010000000,3.725755,0.253145,9.383231,-0.006519,-0.003242,0.005719
14020000000,3.676253,0.348855,9.323143,-0.005566,0.008152,-0.007303
14030000000,3.644980,0.421057,9.189871,0.016062,-0.008246,-0.001036
14040000000,3.697893,0.377242,9.240402,0.000177,-0.007386,-0.001453
14050000000,3.634089,0.336115,9.246703,-0.002564,-0.019022,-0.002685
14060000000,3.762820,0.346342,9.241405,0.008776,-0.018926,0.003448
14070000000,3.673365,0.310690,9.290096,0.001382,-0.011082,0.003607
14080000000,3.743329,0.426367,9.199082,-0.004987,0.018762,0.008339
14090000000,3.745604,0.387990,9.240129,0.010751,0.002282,-0.015722
14100000000,3.738272,0.404495,9.272865,-0.000059,0.012182,0.001435
14110000000,3.691493,0.308584,9.245315,-0.006127,0.001045,-0.009461
14120000000,3.785927,0.298647,9.284426,0.002997,-0.009871,-0.003697
14130000000,3.689222,0.380897,9.314907,0.010083,-0.002462,0.008435
14140000000,3.730810,0.344077,9.262833,-0.002021,-0.020966,0.014542
14150000000,3.657682,0.370803,9.350550,0.000686,-0.012431,-0.012753
14160000000,3.779160,0.383387,9.253754,-0.008028,0.007300,0.000273
14170000000,3.699163,0.331565,9.250338,-0.015979,0.005032,-0.010789
14180000000,3.853928,0.492593,9.273418,0.005914,0.017190,0.008945
14190000000,3.793024,0.374129,9.205870,0.003799,0.010809,-0.001466
14200000000,3.741030,0.390297,9.345979,-0.015697,-0.013645,-0.002980
14210000000,3.780199,0.262174,9.352931,-0.016813,0.006830,0.004060
14220000000,3.716424,0.327813,9.303882,0.005673,0.000624,-0.016494
14230000000,3.738319,0.300353,9.349057,0.000912,0.000808,-0.000306
14240000000,3.726758,0.401861,9.258766,0.001033,-0.012944,0.008981
14250000000,3.688300,0.335496,9.252825,-0.011155,0.007600,-0.008667
14260000000,3.717966,0.303005,9.244847,-0.001165,-0.002858,-0.000132
14270000000,3.797825,0.303590,9.341360,0.006585,-0.007672,0.010625
14280000000,3.756401,0.353997,9.260620,-0.027008,0.010990,0.010171
14290000000,3.803442,0.280806,9.256143,0.018740,0.004644,0.007524
14300000000,3.805205,0.274098,9.238624,-0.007402,-0.000134,0.000352
14310000000,3.733391,0.401249,9.238422,0.001781,-0.013118,-0.004747
14320000000,3.777631,0.377336,9.340005,-0.003966,-0.019029,-0.008177
14330000000,3.720064,0.282277,9.278890,0.003955,-0.006413,-0.011796
14340000000,3.767887,0.283611,9.288935,-0.009954,0.010195,-0.009081
14350000000,3.785752,0.315884,9.316802,-0.007955,-0.006366,0.015934
14360000000,3.658340,0.355767,9.265008,-0.002960,0.009939,0.005539
14370000000,3.685751,0.422401,9.269978,-0.000995,-0.010454,-0.007961
14380000000,3.717304,0.361607,9.213273,-0.009166,-0.009126,0.002461
14390000000,3.680165,0.359515,9.273671,-0.028139,0.006149,0.004232
14400000000,3.667381,0.421731,9.310886,-0.007482,-0.010697,-0.005549
14410000000,3.686199,0.330031,9.212448,0.001714,-0.005202,-0.009877
14420000000,3.754081,0.391708,9.359132,-0.004168,-0.007722,0.002779
14430000000,3.717807,0.324352,9.327216,0.003230,-0.000360,0.003242
14440000000,3.746192,0.375666,9.305333,-0.002204,-0.003173,0.018790
14450000000,3.774951,0.470161,9.316306,0.007985,0.008465,-0.000857
14460000000,3.678645,0.336757,9.360546,0.017959,0.018229,-0.001817
14470000000,3.712569,0.249299,9.294214,-0.017006,0.005826,0.016324
14480000000,3.844562,0.428241,9.326136,0.009396,-0.027753,-0.015335
14490000000,3.804414,0.349607,9.188089,-0.002912,-0.002021,0.004575
14500000000,3.725669,0.343718,9.285727,-0.001446,-0.003650,-0.016356
14510000000,3.842736,0.274020,9.401641,-0.003640,-0.007380,-0.004066
14520000000,3.772409,0.349274,9.286953,0.010892,-0.010276,-0.008411
14530000000,3.729991,0.403821,9.246497,0.002587,0.013017,0.006242
14540000000,3.684811,0.345539,9.288285,0.012688,-0.000017,0.004325
14550000000,3.716152,0.394108,9.217471,0.014805,-0.001862,0.013722
14560000000,3.743385,0.270587,9.294394,-0.028566,-0.000358,-0.010519
14570000000,3.699135,0.369630,9.198479,-0.010322,-0.010653,-0.001976
14580000000,3.766834,0.322025,9.237821,-0.011714,-0.000379,0.010561
14590000000,3.743476,0.370654,9.385386,0.000678,-0.002419,-0.017202
14600000000,3.788768,0.285905,9.326302,0.012979,0.014734,-0.005090
14610000000,3.675898,0.258701,9.310884,-0.002208,-0.016297,-0.003707
14620000000,3.586825,0.246194,9.228757,0.000869,0.003697,0.012392
14630000000,3.489746,0.344027,9.314816,-0.001704,-0.009589,0.001786
14640000000,3.527918,0.236263,9.297208,0.004505,-0.010668,-0.019242
14650000000,3.514330,0.204448,9.325870,-0.007652,-0.006839,0.008362
14660000000,3.360476,0.210160,9.361509,0.002148,-0.004642,0.007323
14670000000,3.405029,0.206678,9.324821,-0.009002,0.001124,-0.000361
14680000000,3.400618,0.150210,9.364275,0.021963,0.002121,-0.010732
14690000000,3.352700,0.136571,9.291687,0.001132,0.003202,0.001958
14700000000,3.197537,0.174252,9.349426,0.016381,0.007536,-0.001614
14710000000,3.187645,-0.073995,9.309648,0.012906,-0.001619,0.014862
14720000000,3.225498,-0.046450,9.295904,0.000447,0.007620,-0.005188
14730000000,3.096988,-0.018947,9.488895,-0.001934,-0.004994,0.010936
14740000000,3.139421,0.025785,9.442769,0.011018,-0.009879,-0.000115
14750000000,3.119403,-0.120589,9.343356,-0.000220,-0.008126,0.003620
14760000000,3.028275,-0.118362,9.419948,0.006809,0.003974,-0.000357
14770000000,2.919253,-0.263218,9.389911,0.003383,0.008579,0.011898
14780000000,2.995579,-0.132233,9.343764,-0.002314,-0.010667,0.008538
14790000000,2.908517,-0.236600,9.411036,-0.003352,0.005729,0.019447
14800000000,2.791707,-0.212022,9.412816,0.007314,0.002332,0.009430
14810000000,2.788465,-0.241093,9.442981,0.008004,0.010973,0.003376
14820000000,2.712435,-0.134214,9.343993,0.012658,0.022478,-0.006040
14830000000,2.735356,-0.219557,9.496629,0.002716,0.005806,0.016021
14840000000,2.663502,-0.272362,9.438380,-0.012265,-0.003840,0.014784
14850000000,2.607363,-0.329895,9.471910,-0.017413,0.003334,-0.013616
14860000000,2.491414,-0.313395,9.432386,-0.004298,-0.000538,0.008842
14870000000,2.482128,-0.342683,9.538919,-0.009006,0.006177,0.016493
14880000000,2.561030,-0.345182,9.508410,-0.010049,0.006472,-0.009069
14890000000,2.498526,-0.450460,9.518952,-0.013291,-0.007496,-0.003933
14900000000,2.459222,-0.382736,9.557270,0.023164,0.002317,-0.010588
14910000000,2.395201,-0.500437,9.498876,-0.005252,0.012293,0.004018
14920000000,2.375492,-0.579257,9.549571,0.012737,0.010049,0.004485
14930000000,2.359234,-0.536510,9.536838,0.004146,0.016769,-0.000188
14940000000,2.197977,-0.591487,9.445658,0.003781,-0.013744,-0.005344
14950000000,2.175946,-0.530132,9.591122,0.004630,-0.005866,-0.005109
14960000000,2.099805,-0.562020,9.550147,0.008617,-0.000341,0.000034
14970000000,2.092542,-0.648528,9.579538,-0.015336,0.007599,-0.012842
14980000000,2.069788,-0.625775,9.506893,0.013425,-0.010922,0.003294
14990000000,2.052133,-0.587306,9.570131,0.011698,-0.002622,0.005665
15000000000,2.034970,-0.631152,9.555865,-0.002769,0.005481,-0.001606
15010000000,1.928663,-0.689457,9.642443,-0.004909,-0.016356,-0.002786
15020000000,1.951124,-0.743373,9.572450,0.000816,-0.000626,0.005978
15030000000,1.909710,-0.725726,9.610429,-0.011240,-0.005878,-0.004914
15040000000,1.852362,-0.794801,9.584029,0.020183,0.002384,-0.018874
15050000000,1.870208,-0.857439,9.663362,-0.002943,-0.006695,-0.002703
15060000000,1.666770,-0.849554,9.578175,-0.026849,0.004620,0.001568
15070000000,1.670816,-0.947529,9.623958,-0.002084,-0.010751,-0.001385
15080000000,1.656619,-0.858964,9.624274,-0.009130,0.001021,0.000835
15090000000,1.585969,-0.938156,9.634043,-0.000518,-0.003370,-0.008669
15100000000,1.581632,-1.050442,9.673326,0.006793,-0.010804,0.001481
15110000000,1.380207,-1.019882,9.667931,-0.003611,-0.002893,-0.004913
15120000000,1.331524,-1.165886,9.730350,0.002120,-0.010965,0.012077
15130000000,1.352678,-1.105317,9.670568,-0.002733,0.020005,-0.003786
15140000000,1.318196,-1.155824,9.683862,0.008614,-0.006491,-0.003269
15150000000,1.268161,-1.129589,9.732312,-0.002299,-0.021359,-0.009416
15160000000,1.307830,-1.190199,9.699306,-0.001166,-0.007903,-0.017690
15170000000,1.068099,-1.201510,9.708959,0.006850,0.007159,-0.000833
15180000000,1.111396,-1.261847,9.805089,-0.016631,-0.001744,-0.009328
15190000000,1.070275,-1.255781,9.691445,-0.009190,0.013079,-0.008903
15200000000,0.924703,-1.351055,9.786964,-0.009152,-0.014713,0.021796
15210000000,0.972663,-1.353510,9.812826,-0.007266,0.003511,-0.011919
15220000000,0.860546,-1.370096,9.743279,-0.015621,-0.005740,0.011472
15230000000,0.782702,-1.403576,9.858803,0.012601,0.012115,0.005344
15240000000,0.732387,-1.410880,9.694652,-0.002056,-0.001474,-0.007137
15250000000,0.726282,-1.440685,9.772491,0.008808,-0.007147,-0.014058
15260000000,0.579471,-1.553579,9.822721,0.023035,0.002587,-0.006652
15270000000,0.607561,-1.555408,9.824754,0.016579,-0.005993,0.003591
15280000000,0.576728,-1.494893,9.828200,-0.000326,-0.019450,0.012246
15290000000,0.502659,-1.600554,9.799162,-0.000602,0.015279,0.008141
15300000000,0.397368,-1.651149,9.807952,0.022737,0.000006,-0.018303
15310000000,0.463378,-1.643823,9.759182,0.010871,-0.004217,0.022342
15320000000,0.359349,-1.676214,9.820030,0.012704,-0.004702,0.002208
15330000000,0.197171,-1.718845,9.874962,0.009050,-0.006695,0.016161
15340000000,0.269446,-1.828021,9.891531,-0.002718,-0.011369,-0.009982
15350000000,0.223508,-1.755861,9.869747,0.003558,-0.015500,-0.002960
15360000000,0.076288,-1.850637,9.925010,-0.015108,0.010239,0.000164
15370000000,0.043134,-1.814731,9.929906,0.010374,0.008649,0.003907
15380000000,-0.023631,-1.970116,9.875155,-0.001258,0.000346,0.019827
15390000000,-0.003420,-2.047241,9.999207,-0.014815,0.000853,-0.014226
15400000000,-0.102469,-1.870161,9.956548,-0.001553,0.010245,0.009230
15410000000,-0.114621,-1.888287,9.911882,-0.009174,0.003363,-0.012249
15420000000,-0.136538,-1.977651,9.857555,0.001863,-0.006267,0.012128
15430000000,-0.095530,-2.023810,10.022161,0.002875,-0.008838,0.008736
15440000000,0.021623,-1.923408,9.930364,-0.001145,0.019032,0.002272
15450000000,-0.110348,-1.995885,10.003020,0.007377,0.001858,0.000028
15460000000,-0.124538,-2.084681,9.932005,0.005459,-0.017326,0.015823
15470000000,-0.133070,-1.915972,10.014821,0.006811,-0.001537,0.023914
15480000000,-0.087652,-2.022182,9.892573,-0.020347,-0.004549,0.006319
15490000000,-0.118930,-1.944911,9.970961,-0.000184,0.013622,0.014195
15500000000,-0.073107,-1.901002,9.880381,-0.003633,-0.010256,0.022023
15510000000,-0.084442,-1.958601,9.868850,-0.007397,0.010082,-0.007167
15520000000,-0.140687,-1.953623,9.919743,0.001719,0.003534,-0.002179
15530000000,-0.023994,-1.930362,9.815627,-0.010071,0.013882,-0.011783
15540000000,-0.148878,-1.904490,9.966654,-0.009466,-0.001701,0.000966
15550000000,0.003381,-1.997318,9.893069,0.003031,0.018117,-0.001697
15560000000,0.010578,-2.015371,9.892779,-0.014796,-0.005473,-0.023181
15570000000,-0.077240,-1.916786,9.984419,0.006981,-0.004162,0.004996
15580000000,-0.142843,-1.914179,9.913803,-0.000999,-0.000278,-0.010157
15590000000,-0.145114,-1.991059,9.872063,-0.012856,0.004225,0.008394
15600000000,-0.017974,-1.964732,9.884342,0.008130,0.006783,0.000904
15610000000,-0.056189,-1.879414,10.008275,-0.003642,-0.003022,0.006310
15620000000,-0.151608,-1.878457,9.952401,0.001349,-0.001666,-0.003210
15630000000,-0.102964,-2.073390,9.961287,0.011089,-0.000322,-0.008365
15640000000,-0.043417,-1.932659,9.963700,-0.006556,-0.002519,0.004571
15650000000,-0.064406,-1.914988,9.902325,0.004404,-0.014062,0.001976
15660000000,-0.072304,-1.953579,9.927581,-0.006063,0.000908,-0.010305
15670000000,-0.064499,-1.945589,9.960375,-0.003620,0.005457,-0.016304
15680000000,0.005811,-2.005746,9.962204,-0.006112,0.000035,-0.006359
15690000000,-0.075912,-1.945794,9.920172,-0.004315,0.016723,0.010013
15700000000,-0.026555,-1.973024,9.938851,-0.003393,0.017929,-0.000044
15710000000,-0.032581,-1.974831,9.944712,0.013448,0.003756,-0.007625
15720000000,-0.077173,-1.868172,9.967263,-0.001691,-0.020301,-0.003405
15730000000,-0.114380,-1.841962,9.960157,0.003101,-0.002209,0.002428
15740000000,-0.058480,-1.962860,10.012187,0.003449,0.001067,0.001118
15750000000,-0.003739,-1.984173,9.941355,0.015983,0.007578,-0.013967
15760000000,-0.067965,-1.960459,9.991942,0.000093,-0.014599,-0.003232
15770000000,-0.055881,-1.928400,9.962024,0.016861,-0.011049,0.000628
15780000000,-0.050819,-1.849148,9.943862,-0.003898,-0.002272,-0.006803
15790000000,-0.011670,-1.961158,9.942796,-0.016848,-0.001815,-0.003220
15800000000,-0.025866,-1.955034,9.892772,0.001120,0.004193,-0.002657
15810000000,-0.066097,-1.898260,9.967781,0.007437,-0.002028,-0.003072
15820000000,-0.036365,-2.015483,9.878834,0.007860,0.009680,0.003092
15830000000,-0.115765,-1.995233,9.919475,0.002501,0.010435,-0.002337
15840000000,-0.072717,-1.974099,9.899879,-0.021926,-0.014741,0.018355
15850000000,-0.097492,-1.926181,9.963479,-0.004281,-0.009122,0.001882
15860000000,-0.077534,-1.989145,9.959522,0.007333,-0.000428,0.002197
15870000000,-0.103047,-1.924774,9.926908,-0.022511,0.023871,0.019576
15880000000,-0.167506,-1.876430,9.956764,-0.000943,-0.021376,-0.001280
15890000000,-0.058818,-1.954079,9.828041,0.013921,0.012429,0.002029
15900000000,-0.163805,-1.869661,9.924515,-0.000636,0.017801,0.001393
15910000000,-0.053142,-1.957132,9.948804,0.007997,0.012940,0.004603
15920000000,-0.151187,-1.797681,9.837440,-0.007312,0.007649,-0.007126
15930000000,-0.044680,-1.966202,9.915709,0.010180,-0.017050,-0.022826
15940000000,-0.111528,-1.997827,9.915986,0.003791,-0.018018,0.001017
15950000000,-0.039484,-1.996364,9.865758,-0.008221,-0.005907,0.019320
15960000000,-0.069741,-1.950801,9.894237,-0.005825,-0.007603,-0.016337
15970000000,-0.150262,-1.964128,9.847022,-0.000158,0.009013,0.008023
15980000000,-0.015595,-1.898695,9.800705,0.009474,-0.007346,-0.009068
15990000000,-0.095779,-1.943106,9.966289,0.012526,0.015472,0.005334
16000000000,-0.110730,-1.950434,9.950923,-0.010081,0.006123,0.002148
16010000000,-0.062953,-1.972331,9.987679,-0.001815,0.016612,-0.005305
16020000000,-0.106972,-1.997321,9.959257,-0.006080,-0.003786,-0.013241
16030000000,-0.091659,-1.949798,9.854623,0.000791,-0.002283,-0.002826
16040000000,-0.046747,-1.941822,9.882071,0.001278,-0.010628,-0.002229
16050000000,-0.153184,-1.852689,9.931073,0.004014,0.020183,-0.005897
16060000000,-0.124699,-1.902403,10.035412,0.002938,0.003551,0.013253
16070000000,-0.061611,-1.943925,10.022701,0.004754,-0.003478,-0.006695
16080000000,-0.133777,-1.933652,9.872532,-0.005044,-0.012171,0.003292
16090000000,-0.030394,-1.938724,9.864980,0.004882,-0.005154,-0.002275
16100000000,-0.085887,-1.945774,9.894949,-0.007451,0.016599,0.003916
16110000000,-0.064516,-1.877496,9.941746,0.009960,-0.023702,-0.020215
16120000000,-0.102910,-1.932506,9.972537,0.000123,-0.004739,-0.003325
16130000000,-0.043318,-1.906474,10.023355,-0.025379,0.001581,-0.012839
16140000000,-0.114794,-1.947263,9.884588,0.008549,0.008629,-0.008605
16150000000,-0.049635,-1.884710,9.932881,0.003917,-0.009145,0.008376
16160000000,-0.092110,-1.905177,9.901483,-0.004145,-0.013219,0.002656
16170000000,-0.225568,-1.971857,9.942235,0.000363,-0.007866,-0.004339
16180000000,-0.110820,-1.950637,9.974871,-0.005228,-0.001533,0.002937
16190000000,-0.149622,-1.946136,9.985014,-0.002972,0.000151,-0.002731
16200000000,-0.070103,-1.897827,9.872707,-0.010602,-0.005904,-0.009384
16210000000,-0.064769,-1.818800,9.944793,0.011553,-0.014766,-0.000045
16220000000,-0.059992,-1.951977,9.994151,-0.002640,-0.005339,-0.006050
16230000000,-0.107303,-1.932608,9.903574,-0.004037,0.005463,-0.011514
16240000000,-0.008060,-1.897079,9.928857,-0.001263,0.002071,-0.006820
16250000000,-0.083607,-1.958679,9.978434,0.001770,0.008306,0.000429
16260000000,-0.037519,-2.011871,9.921657,-0.016999,-0.001148,-0.011145
16270000000,-0.070015,-1.970238,10.000697,-0.012628,-0.003322,0.001346
16280000000,-0.078587,-1.897552,9.897696,-0.005571,-0.014429,-0.001966
16290000000,-0.059530,-1.936293,9.917564,0.005686,0.008248,-0.006314
16300000000,-0.138432,-1.944199,9.835337,-0.005190,0.004178,0.011739
16310000000,-0.029481,-1.866810,9.897570,-0.005444,-0.005161,0.005157
16320000000,-0.153089,-2.015600,9.956277,0.012037,-0.006221,-0.024614
16330000000,-0.134097,-1.812300,9.922523,0.000713,0.029816,0.000641
16340000000,-0.135364,-1.968146,9.930130,0.002587,-0.002570,0.013274
16350000000,-0.062673,-1.856320,9.885282,-0.013425,0.009908,-0.002952
16360000000,-0.041645,-1.932352,9.923566,0.003300,0.017141,0.017110
16370000000,-0.085393,-1.873302,9.909532,0.000021,0.003703,-0.011477
16380000000,-0.100064,-1.968274,9.947052,-0.008400,0.001154,-0.000900
16390000000,-0.102171,-1.989592,9.906764,0.009745,-0.011865,-0.012575
16400000000,-0.151422,-2.029599,9.936971,0.002065,0.007212,0.011828
16410000000,-0.104739,-1.960662,9.951527,0.012524,-0.010427,-0.000742
16420000000,-0.019008,-1.944401,9.913284,0.004396,-0.000351,0.000013
16430000000,-0.096898,-1.983018,9.920156,-0.006550,-0.003007,0.006099
16440000000,-0.069732,-1.920900,9.875539,0.005472,0.002100,-0.007301
16450000000,-0.011423,-1.938636,9.995740,-0.000794,0.000953,0.004842
16460000000,-0.045101,-1.888210,9.864514,-0.016202,0.012776,0.001978
16470000000,-0.043409,-2.016732,9.943426,0.002012,0.004938,0.004590
16480000000,0.064209,-1.927526,10.008722,-0.014148,-0.002687,0.002116
16490000000,-0.118678,-2.069115,9.997529,-0.011022,-0.004478,-0.018465
16500000000,-0.109451,-1.926271,9.929125,0.007445,0.004012,0.006649
16510000000,-0.057221,-2.005882,10.000909,-0.003596,-0.004976,0.002414
16520000000,-0.007634,-1.987986,9.982935,-0.000459,-0.003832,-0.002576
16530000000,-0.043066,-1.924207,9.905653,0.022936,-0.020005,0.011156
16540000000,-0.225148,-1.937598,9.865860,0.006223,0.024248,0.003535
16550000000,-0.148683,-1.962411,9.975430,0.003991,0.028067,-0.018688
16560000000,-0.033277,-1.887691,9.877219,-0.012699,-0.009008,0.016891
16570000000,-0.123423,-1.911014,9.845938,0.004681,0.002371,-0.006672
16580000000,-0.035675,-1.873017,9.941742,0.000862,-0.007973,-0.018974
16590000000,-0.190600,-1.988373,9.928502,-0.009948,-0.010466,0.005757
16600000000,-0.010218,-1.921886,9.882731,-0.000967,0.010784,0.014962
16610000000,0.112401,-1.869792,9.830463,-0.007828,0.002995,-0.027005
16620000000,0.069912,-1.868860,9.925246,-0.011906,-0.003071,-0.006957
16630000000,0.105681,-1.824433,9.944340,0.005889,-0.012436,0.009591
16640000000,0.172867,-1.809356,9.946499,0.014142,0.012686,0.004927
16650000000,0.307777,-1.771453,9.941063,0.004642,-0.015926,-0.006042
16660000000,0.324317,-1.800678,9.871302,0.003656,0.014570,0.008050
16670000000,0.331370,-1.667902,9.859029,-0.001018,0.000534,0.005986
16680000000,0.394267,-1.619020,9.869596,0.006393,-0.010714,-0.000761
16690000000,0.444126,-1.707253,9.856313,0.009016,-0.005231,0.022420
16700000000,0.489116,-1.678736,9.852698,-0.014270,0.013164,-0.012621
16710000000,0.623477,-1.563903,9.789767,0.000132,0.015631,0.011003
16720000000,0.582022,-1.585691,9.848587,0.006039,0.002600,-0.014620
16730000000,0.670913,-1.422469,9.833725,0.001296,0.003636,-0.011804
16740000000,0.731268,-1.371836,9.787997,-0.002846,0.004404,-0.002958
16750000000,0.772174,-1.320145,9.796921,0.017058,0.000228,0.001961
16760000000,0.867126,-1.448001,9.754183,0.016951,-0.019106,-0.006851
16770000000,0.914391,-1.402608,9.850653,0.002474,0.013278,0.007099
16780000000,0.949131,-1.380154,9.773187,-0.016965,0.004693,-0.000062
16790000000,0.979464,-1.404623,9.721415,0.011990,-0.001149,0.008101
16800000000,1.089760,-1.285943,9.839077,0.002871,0.002224,-0.013409
16810000000,1.111767,-1.268576,9.743813,0.003757,0.009990,0.000584
16820000000,1.053840,-1.252545,9.731777,-0.005783,-0.011536,0.003567
16830000000,1.097254,-1.194134,9.668606,-0.003106,-0.009900,-0.006219
16840000000,1.236080,-1.100621,9.680283,0.003743,0.002119,0.006375
16850000000,1.364858,-1.114830,9.610959,0.007237,-0.001072,-0.011200
16860000000,1.328464,-1.093299,9.612333,-0.001483,-0.009212,-0.007256
16870000000,1.432577,-1.025433,9.673899,0.004867,0.006822,0.007270
16880000000,1.369601,-1.023591,9.689288,0.009080,0.009626,0.010386
16890000000,1.448582,-0.987501,9.622353,-0.000250,0.013184,0.005658
16900000000,1.598863,-0.861591,9.699615,0.002619,0.018441,-0.009991
16910000000,1.510299,-0.861312,9.689462,0.009236,0.002856,-0.010672
16920000000,1.686164,-0.888591,9.604401,-0.003130,-0.001519,0.010764
16930000000,1.585657,-0.864631,9.602922,0.021641,-0.020231,-0.000093
16940000000,1.815729,-0.819049,9.656051,-0.004940,-0.014127,-0.001882
16950000000,1.901751,-0.852130,9.653159,0.000759,0.003497,0.007201
16960000000,1.793378,-0.770226,9.645118,0.005664,-0.021304,-0.002319
16970000000,1.963429,-0.687673,9.629092,-0.001288,0.006519,-0.011569
16980000000,2.050842,-0.711404,9.609900,0.004838,0.000486,0.013195
16990000000,2.097087,-0.660500,9.577547,0.009247,0.003291,0.023441
17000000000,1.988775,-0.664036,9.581561,-0.006264,0.003820,0.012404
17010000000,2.122058,-0.683285,9.460705,0.017416,0.017182,-0.013203
17020000000,2.032441,-0.678468,9.568972,0.006452,-0.000109,-0.003804
17030000000,1.951963,-0.682736,9.512759,0.011004,0.009603,-0.009976
17040000000,2.047440,-0.702097,9.520350,-0.004963,-0.014568,-0.013148
17050000000,2.092787,-0.644412,9.569241,-0.005185,-0.017758,-0.012286
17060000000,1.963589,-0.662713,9.508885,-0.000920,0.012288,-0.006415
17070000000,2.062450,-0.625133,9.541600,0.002447,0.014969,0.003287
17080000000,2.061527,-0.681004,9.619193,0.002261,0.005223,0.003052
17090000000,2.019604,-0.667957,9.630814,0.004036,-0.012956,0.006333
17100000000,2.072462,-0.645840,9.606226,0.003798,0.000293,-0.006965
17110000000,1.996158,-0.733672,9.602101,0.004799,-0.014710,-0.001444
17120000000,1.989503,-0.641163,9.505056,0.001369,0.001436,0.003115
17130000000,1.969470,-0.642727,9.561389,-0.015247,-0.003846,0.005669
17140000000,2.143673,-0.669552,9.555546,0.013857,0.015986,0.013549
17150000000,2.129110,-0.660028,9.568988,0.002619,-0.017458,0.001435
17160000000,2.039392,-0.648791,9.545527,0.006540,0.019020,0.000174
17170000000,2.052294,-0.701146,9.594033,-0.016204,-0.003681,0.015901
17180000000,1.983129,-0.731568,9.708986,0.006926,-0.016608,0.009983
17190000000,1.937610,-0.772762,9.613991,-0.010067,0.009655,-0.008210
17200000000,1.967141,-0.643238,9.492089,-0.012301,-0.003760,0.007809
17210000000,2.088611,-0.689699,9.553981,0.017911,-0.004918,0.010901
17220000000,2.057233,-0.703637,9.609890,-0.011277,-0.015778,-0.004959
17230000000,2.137280,-0.563563,9.657019,0.015392,-0.001686,-0.000163
17240000000,2.082804,-0.653858,9.599565,-0.014208,-0.007669,-0.001990
17250000000,2.082613,-0.528758,9.578464,0.006541,0.007961,0.003381
17260000000,2.058215,-0.640333,9.528639,0.018953,-0.006987,-0.009772
17270000000,2.039806,-0.681339,9.661821,-0.017465,-0.000944,-0.000446
17280000000,2.002385,-0.699497,9.631263,-0.001847,-0.012946,-0.010916
17290000000,2.010416,-0.743889,9.646953,0.010739,0.011700,-0.000565
17300000000,2.111002,-0.700801,9.559779,-0.007572,0.008216,0.021357
17310000000,2.062028,-0.589343,9.693399,-0.014042,0.001305,0.006017
17320000000,2.011157,-0.730473,9.641766,0.022172,-0.024070,-0.005313
17330000000,2.044171,-0.680686,9.581985,-0.003349,0.000861,0.009339
17340000000,2.009083,-0.717889,9.642021,-0.001912,0.000713,-0.009456
17350000000,2.067470,-0.607445,9.616362,0.000723,-0.013084,0.003928
17360000000,1.945584,-0.725819,9.572661,0.010912,-0.009403,-0.010075
17370000000,1.967940,-0.722633,9.658665,0.000638,-0.000813,0.015213
17380000000,2.051462,-0.591824,9.530935,0.013113,-0.010493,0.003731
17390000000,2.012662,-0.580131,9.544579,0.016246,-0.003443,0.012436
17400000000,1.984018,-0.661773,9.582557,0.000363,0.006581,0.001941
17410000000,2.066326,-0.770270,9.545103,-0.006000,0.007986,0.002153
17420000000,2.066919,-0.745653,9.532884,-0.005427,0.019210,0.007350
17430000000,2.030790,-0.604321,9.594803,-0.007835,-0.000527,0.019267
17440000000,1.952075,-0.670288,9.543134,0.005200,0.002927,0.003221
17450000000,1.962444,-0.614403,9.561683,0.006802,0.010809,-0.001835
17460000000,1.954589,-0.712612,9.509181,-0.014723,0.004833,-0.025802
17470000000,2.025676,-0.691917,9.540499,0.006660,-0.001899,-0.004597
17480000000,2.007020,-0.648872,9.483457,0.009781,-0.019079,-0.002530
17490000000,2.065630,-0.748837,9.514210,0.013415,0.006538,0.007852
17500000000,2.072004,-0.685345,9.575171,-0.001976,0.005088,0.014580
17510000000,2.034761,-0.692932,9.592081,-0.006289,-0.006635,-0.003964
17520000000,1.972529,-0.605753,9.583805,-0.010525,0.002039,0.010300
17530000000,2.053628,-0.556854,9.591728,0.003086,-0.003629,0.005506
17540000000,2.043090,-0.698060,9.582061,0.003475,0.008402,-0.008072
17550000000,1.954642,-0.766964,9.580962,0.007634,0.019114,0.002912
17560000000,2.028780,-0.671576,9.526574,-0.011001,0.013481,0.002135
17570000000,1.966936,-0.640389,9.602511,-0.014350,-0.013929,-0.004182
17580000000,2.087877,-0.728365,9.616466,0.027531,-0.007879,0.009668
17590000000,2.008101,-0.600066,9.511837,0.008813,-0.016011,0.012196
17600000000,2.099760,-0.692242,9.517698,0.000592,-0.003950,-0.005827
17610000000,1.987668,-0.751599,9.533228,-0.013132,-0.001353,0.011694
17620000000,2.066571,-0.644051,9.585416,0.002816,-0.015955,0.006882
17630000000,2.032486,-0.634446,9.558337,-0.011621,-0.009370,-0.000042
17640000000,1.964210,-0.686619,9.607722,0.001746,-0.001993,-0.002774
17650000000,1.991781,-0.695471,9.585313,-0.011307,-0.003772,-0.015541
17660000000,1.961900,-0.678419,9.491037,0.002710,0.003850,0.007149
17670000000,2.075127,-0.673153,9.547860,0.005363,0.018721,0.014630
17680000000,1.996291,-0.664111,9.641533,-0.000114,-0.001402,0.006934
17690000000,2.033775,-0.691040,9.524118,-0.001334,-0.009571,0.004643
17700000000,2.065985,-0.582184,9.495214,-0.006425,0.005162,-0.002941
17710000000,2.022524,-0.620791,9.668640,0.002205,-0.001652,0.017129
17720000000,2.131652,-0.703318,9.561743,-0.006437,0.015719,-0.003435
17730000000,2.045725,-0.530918,9.616070,-0.006234,-0.016810,0.007503
17740000000,2.029655,-0.733444,9.591333,0.001419,0.008147,-0.001476
17750000000,2.021351,-0.747453,9.607182,-0.003024,-0.011206,0.003354
17760000000,2.111184,-0.658596,9.616288,0.004478,0.000190,-0.013653
17770000000,2.046103,-0.641246,9.554877,0.005647,-0.009760,-0.012090
17780000000,1.989104,-0.667878,9.587571,0.001433,-0.004741,-0.011375
17790000000,2.052309,-0.684529,9.638584,0.003508,-0.004875,-0.007862
17800000000,2.016063,-0.764040,9.579687,-0.018880,-0.009621,-0.009700
17810000000,2.040953,-0.665326,9.699476,0.028039,-0.009298,-0.011395
17820000000,2.115909,-0.702629,9.593295,0.003018,0.003580,0.011445
17830000000,2.055242,-0.607650,9.462736,0.002099,0.009932,-0.005091
17840000000,2.020689,-0.705478,9.560875,-0.011184,0.011506,-0.002289
17850000000,1.995514,-0.712420,9.522982,-0.016863,-0.005798,-0.009668
17860000000,2.042724,-0.715905,9.540320,-0.008470,0.002781,-0.012410
17870000000,2.045368,-0.776895,9.679079,-0.005960,-0.003265,0.014107
17880000000,2.064770,-0.642656,9.558104,-0.018912,0.007374,-0.005475
17890000000,2.101891,-0.659511,9.557872,-0.009557,0.005525,0.005749
17900000000,1.877217,-0.607649,9.493705,0.010471,0.002843,0.006052
17910000000,2.050150,-0.673573,9.643443,0.008927,0.000358,0.007602
17920000000,2.003104,-0.703452,9.501663,-0.002893,-0.003793,0.000742
17930000000,2.043717,-0.705610,9.492086,0.001947,-0.007716,-0.002110
17940000000,2.046240,-0.770996,9.609999,-0.010893,-0.003480,-0.002753
17950000000,2.026848,-0.615701,9.649029,-0.008131,-0.007996,-0.004957
17960000000,2.061530,-0.665349,9.611712,-0.007949,0.005231,-0.005375
17970000000,2.048305,-0.712541,9.573759,0.003479,0.006435,-0.002656
17980000000,2.019160,-0.646829,9.534490,-0.029808,0.004376,0.015985
17990000000,1.953843,-0.742881,9.553935,-0.015942,0.006520,-0.001721
18000000000,2.068935,-0.655729,9.639551,-0.020571,0.000971,0.007541
18010000000,2.064122,-0.632166,9.583981,0.013877,0.014268,-0.013823
18020000000,2.036069,-0.671591,9.579907,-0.009913,0.010845,-0.009237
18030000000,1.968814,-0.715409,9.544423,-0.015951,0.002550,-0.011356
18040000000,2.045497,-0.808165,9.553593,0.011228,-0.015316,-0.011873
18050000000,2.050032,-0.632620,9.550054,-0.012736,-0.026725,-0.008885
18060000000,2.015520,-0.694408,9.503009,0.009983,0.007584,-0.019724
18070000000,2.036393,-0.675002,9.630230,0.003944,-0.001623,-0.002179
18080000000,2.018619,-0.618715,9.512847,0.001336,0.021326,-0.030552
18090000000,2.036709,-0.622571,9.569574,0.008280,-0.006285,0.013813
18100000000,1.958728,-0.831850,9.580213,-0.019825,0.003238,-0.026322
18110000000,2.029634,-0.723923,9.608707,-0.006195,-0.003302,0.003944
18120000000,2.020075,-0.663909,9.606544,-0.007773,0.008683,-0.004723
18130000000,2.102481,-0.714854,9.534047,-0.001517,0.005649,0.005635
18140000000,2.090873,-0.687268,9.570313,-0.001388,-0.007117,-0.011804
18150000000,2.085829,-0.743421,9.529410,0.006156,-0.006814,0.005311
18160000000,1.986252,-0.593130,9.616121,0.002349,-0.008169,-0.003572
18170000000,2.042945,-0.688979,9.595993,0.012663,0.001769,0.010145
18180000000,2.147655,-0.623142,9.556417,-0.013851,-0.016823,0.009011
18190000000,2.044986,-0.621385,9.626018,-0.013183,0.003604,0.009441
18200000000,1.973971,-0.612991,9.526812,-0.002508,-0.011738,0.006383
18210000000,2.040910,-0.671118,9.540302,-0.000774,-0.018123,0.006876
18220000000,2.106951,-0.699010,9.571604,-0.010915,-0.011167,0.012556
18230000000,2.121145,-0.614546,9.577880,0.003742,0.005468,-0.017284
18240000000,2.055089,-0.646892,9.523906,0.008020,-0.008157,-0.000574
18250000000,2.077193,-0.675123,9.528180,0.008935,-0.002205,-0.000143
18260000000,1.972008,-0.601225,9.627182,0.010125,-0.011832,0.014668
18270000000,1.923259,-0.639037,9.572848,-0.009041,0.003416,-0.019722
18280000000,2.035343,-0.649383,9.589449,-0.017065,-0.006609,-0.007450
18290000000,2.084465,-0.688846,9.621808,0.003815,0.017741,-0.009472
18300000000,2.035847,-0.719392,9.665396,-0.005356,0.001739,-0.002751
18310000000,2.110202,-0.649089,9.482040,0.011107,-0.002358,-0.012261
18320000000,2.108814,-0.703027,9.624782,0.003571,-0.004838,-0.002332
18330000000,2.016160,-0.739403,9.574244,0.000871,0.002926,0.017674
18340000000,2.067283,-0.678731,9.619261,0.012209,-0.000977,-0.003711
18350000000,2.015154,-0.673437,9.545667,0.007116,-0.001340,0.013939
18360000000,1.987631,-0.689234,9.510551,-0.010548,0.007864,0.015117
18370000000,2.003624,-0.569744,9.545792,-0.018107,0.005156,0.002578
18380000000,2.014349,-0.616850,9.603115,-0.002866,0.001003,-0.012129
18390000000,1.972649,-0.615248,9.550807,-0.004182,0.010595,0.007547
18400000000,1.960518,-0.729102,9.511963,0.001246,0.012474,-0.011325
18410000000,1.964297,-0.708085,9.538901,0.007698,0.004280,-0.004662
18420000000,1.963547,-0.632533,9.527383,0.000037,-0.004147,-0.002268
18430000000,2.070034,-0.683696,9.611615,0.003529,0.007466,-0.008195
18440000000,2.057051,-0.586794,9.619392,0.009667,0.006621,0.016262
18450000000,2.011303,-0.669996,9.531582,-0.015382,0.001159,0.000280
18460000000,2.067881,-0.616998,9.528150,0.011353,0.018018,0.022573
18470000000,1.990421,-0.677554,9.627143,-0.011911,-0.001752,-0.011810
18480000000,2.045411,-0.613538,9.615152,0.013698,0.004381,-0.024921
18490000000,1.978271,-0.716965,9.648879,0.001368,0.007009,0.008703
18500000000,2.023653,-0.689091,9.536566,0.002625,-0.019006,0.007681
18510000000,1.894759,-0.675664,9.483810,-0.000576,-0.008152,-0.031109
18520000000,2.108937,-0.679636,9.493093,0.008610,-0.002069,0.008717
18530000000,2.057106,-0.660852,9.481339,-0.000846,0.018617,-0.006667
18540000000,2.102149,-0.639316,9.518452,0.010367,-0.016655,-0.004032
18550000000,2.032331,-0.670126,9.490849,-0.000969,-0.013431,0.000921
18560000000,2.037207,-0.686475,9.576058,0.000169,0.014031,0.001368
18570000000,2.054221,-0.652977,9.616890,0.007790,0.016282,0.020412
18580000000,1.998519,-0.729900,9.643869,-0.023422,-0.013912,-0.001480
18590000000,2.014443,-0.665055,9.558686,-0.018934,-0.002794,0.000523
18600000000,2.146270,-0.652628,9.612492,-0.000209,-0.000507,-0.008930
18610000000,1.965983,-0.660464,9.577634,-0.000393,0.018809,-0.004739
18620000000,1.987850,-0.738146,9.615750,0.003087,0.003113,-0.003659
18630000000,1.955009,-0.715508,9.532902,0.001237,0.004461,-0.012148
18640000000,1.983982,-0.713068,9.534415,-0.000578,0.000201,-0.016228
18650000000,2.038394,-0.699531,9.652631,0.001783,0.006890,-0.009004
18660000000,1.998719,-0.585575,9.552991,0.000882,0.014820,0.005909
18670000000,2.018303,-0.617476,9.542747,-0.002736,0.010588,0.011052
18680000000,2.048566,-0.717511,9.583824,-0.010595,-0.000228,0.001775
18690000000,2.047363,-0.620345,9.583095,0.014828,-0.001672,-0.007758
18700000000,2.034246,-0.590158,9.482778,-0.005142,-0.009601,-0.002499
18710000000,2.031024,-0.752484,9.687235,0.004733,0.020326,0.003221
18720000000,2.008710,-0.645209,9.571982,0.001949,0.003413,0.003457
18730000000,2.029701,-0.626477,9.632179,-0.002851,-0.004436,0.003256
18740000000,2.062123,-0.661470,9.517179,0.014561,0.003797,0.006178
18750000000,2.035367,-0.597865,9.613239,0.001766,0.002874,0.004430
18760000000,1.963717,-0.667829,9.566938,0.009237,-0.015195,0.011915
18770000000,2.000148,-0.688595,9.559588,0.006868,-0.015873,0.005828
18780000000,2.105723,-0.667610,9.582336,-0.002843,0.017191,-0.009963
18790000000,1.939721,-0.642487,9.650925,-0.011397,0.001500,-0.002806
18800000000,2.026899,-0.617318,9.688576,0.017869,-0.005513,0.015228
18810000000,2.039224,-0.695345,9.579458,0.008008,-0.002604,0.015981
18820000000,1.992135,-0.714136,9.561472,-0.000717,0.013421,0.007957
18830000000,2.056522,-0.692976,9.632001,-0.003162,0.012874,-0.007404
18840000000,2.038169,-0.641476,9.648812,-0.013171,-0.004651,0.000168
18850000000,2.027186,-0.682172,9.520500,-0.020475,0.010527,-0.006961
18860000000,2.117620,-0.673528,9.494667,0.008149,-0.000553,0.003447
18870000000,2.033336,-0.686554,9.521403,-0.012072,0.000133,-0.016880
18880000000,2.049329,-0.631030,9.579817,-0.000859,0.016256,0.000312
18890000000,1.990751,-0.693305,9.595180,0.016285,0.000931,0.001151
18900000000,2.054457,-0.753582,9.549237,0.015645,-0.002028,0.002214
18910000000,2.022429,-0.737836,9.643325,-0.001203,0.000374,-0.008475
18920000000,2.057539,-0.677892,9.504674,-0.015940,-0.003958,-0.005196
18930000000,2.037627,-0.762206,9.508943,0.014488,-0.000991,0.009133
18940000000,2.034378,-0.663439,9.564775,0.000302,0.011731,-0.005006
18950000000,2.025838,-0.657424,9.529879,0.003999,0.001577,-0.009419
18960000000,2.054514,-0.697037,9.615091,-0.015608,-0.003749,-0.010875
18970000000,2.044667,-0.646386,9.558021,0.001203,0.011258,0.001453
18980000000,1.992104,-0.660893,9.594012,-0.019883,0.015976,-0.003331
18990000000,2.031988,-0.663753,9.621762,0.015302,-0.014469,-0.011843
19000000000,2.035330,-0.726958,9.616805,0.000806,-0.000733,0.007667
19010000000,2.116725,-0.672661,9.595702,0.012013,0.006090,0.005330
19020000000,1.992188,-0.656899,9.587776,-0.005494,0.008298,0.020646
19030000000,2.134600,-0.613399,9.577710,-0.002437,-0.003404,-0.003342
19040000000,2.089583,-0.697755,9.629145,-0.001406,0.002573,0.007746
19050000000,2.029991,-0.750200,9.524897,0.002463,0.003451,-0.016217
19060000000,2.049215,-0.650842,9.558219,-0.011645,-0.008324,-0.004857
19070000000,2.111831,-0.583360,9.526103,0.004974,0.007709,0.006171
19080000000,1.932578,-0.718326,9.532623,-0.002847,0.007767,-0.003742
19090000000,1.897328,-0.649826,9.523621,-0.007804,-0.001212,-0.007432
19100000000,2.081179,-0.651637,9.484196,-0.003062,0.001991,0.010879
19110000000,2.009270,-0.664612,9.541917,0.016319,0.022938,0.005146
19120000000,2.015053,-0.642050,9.572918,0.000811,0.007723,-0.000344
19130000000,2.097739,-0.637742,9.576119,0.000714,0.009614,-0.004463
19140000000,1.999454,-0.664846,9.566604,-0.011544,0.002984,-0.009821
19150000000,2.151366,-0.678399,9.463347,0.004406,-0.000956,0.003280
19160000000,2.066431,-0.611327,9.526014,-0.005804,-0.017247,-0.014171
19170000000,2.055870,-0.632001,9.588630,-0.007954,0.003485,-0.002050
19180000000,2.080293,-0.643227,9.477878,0.013309,-0.004491,0.004897
19190000000,2.030298,-0.661728,9.649907,-0.000610,-0.008937,-0.010721
19200000000,2.014574,-0.659626,9.549272,0.003354,-0.008229,-0.006016
19210000000,2.044943,-0.707344,9.532258,-0.018833,0.006977,0.023419
19220000000,2.016908,-0.794609,9.605539,-0.007778,0.006168,-0.011301
19230000000,1.991679,-0.630177,9.528877,0.006398,0.017305,0.017934
19240000000,1.967033,-0.655675,9.588560,0.000369,-0.008360,-0.006863
19250000000,2.025563,-0.700597,9.531103,0.007318,0.001082,0.003230
19260000000,2.045007,-0.726680,9.606668,-0.003647,0.011593,0.013344
19270000000,2.040318,-0.688664,9.436329,-0.010338,0.000368,-0.010868
19280000000,2.021345,-0.699022,9.531072,-0.003338,0.020053,0.007255
19290000000,2.148919,-0.635262,9.576640,0.009737,-0.013611,0.011624
19300000000,2.038927,-0.731964,9.573739,0.011173,0.007669,0.001679
19310000000,2.055809,-0.715482,9.603622,0.000816,0.004717,-0.003340
19320000000,2.085818,-0.721406,9.541876,0.008349,-0.022598,0.004103
19330000000,2.141485,-0.676832,9.659432,-0.003585,-0.003805,-0.010380
19340000000,2.038506,-0.611015,9.705143,0.006121,0.002963,0.020356
19350000000,2.064250,-0.622430,9.501145,0.002239,-0.008859,-0.001713
19360000000,2.080400,-0.748312,9.543877,0.004405,-0.022136,-0.005756
19370000000,2.021873,-0.628075,9.657520,-0.014743,-0.005922,0.002651
19380000000,1.898955,-0.665607,9.542234,0.015413,0.020105,0.015217
19390000000,2.065270,-0.717279,9.512657,0.009656,-0.013123,-0.009295
19400000000,2.011346,-0.587068,9.583634,0.012712,0.003658,0.014585
19410000000,2.007728,-0.713850,9.620187,0.023921,0.011138,0.011354
19420000000,1.987182,-0.710994,9.541842,0.004573,-0.008384,0.025001
19430000000,2.048434,-0.797851,9.578209,-0.010690,-0.018077,0.011276
19440000000,1.964368,-0.665858,9.676181,0.000592,-0.000211,0.001899
19450000000,2.036973,-0.764708,9.488969,-0.008026,-0.007531,-0.020372
19460000000,1.955668,-0.663848,9.617340,-0.001545,0.019694,0.001320
19470000000,2.012551,-0.722343,9.517668,0.011066,-0.005046,-0.004869
19480000000,2.114128,-0.628901,9.504016,0.005829,-0.009568,-0.011504
19490000000,2.027002,-0.682629,9.516863,0.016070,-0.014240,0.025087
19500000000,1.927539,-0.646358,9.548336,-0.001423,-0.003326,0.003225
19510000000,2.053642,-0.618519,9.634501,0.007640,-0.007030,-0.009336
19520000000,2.031235,-0.735847,9.505699,-0.005242,0.005747,0.009579
19530000000,2.024777,-0.686831,9.594049,0.000494,0.006272,0.012400
19540000000,2.000359,-0.673912,9.544230,0.001282,0.004036,-0.006883
19550000000,2.059043,-0.644914,9.612498,0.011679,0.003410,0.015477
19560000000,2.013522,-0.704840,9.595258,-0.002214,-0.001759,0.000900
19570000000,2.090488,-0.784329,9.496614,0.009705,-0.011668,0.008896
19580000000,2.164862,-0.672680,9.574301,-0.001000,0.004833,-0.010863
19590000000,2.048801,-0.672956,9.632786,-0.007096,-0.015808,0.013216
19600000000,2.026821,-0.630363,9.469216,-0.003059,0.009679,0.003246
19610000000,2.086371,-0.646273,9.623235,0.003225,0.008830,0.015327
19620000000,1.990242,-0.731448,9.623709,-0.000377,-0.000156,0.004083
19630000000,2.013096,-0.710251,9.652167,0.026439,-0.000094,0.011758
19640000000,2.059888,-0.712933,9.557561,-0.001173,-0.008920,-0.001576
19650000000,2.040946,-0.703254,9.593382,-0.004475,-0.001167,-0.008078
19660000000,2.038060,-0.577878,9.543915,0.003623,0.007660,-0.003238
19670000000,1.965974,-0.657289,9.618905,0.012819,-0.008525,0.016050
19680000000,2.015050,-0.719003,9.597296,0.004434,-0.003527,-0.007296
19690000000,1.957335,-0.708953,9.572590,0.001792,0.016964,-0.009564
19700000000,2.194304,-0.646446,9.540637,-0.003785,0.002989,0.003079
19710000000,2.020744,-0.651545,9.579495,-0.014887,-0.005265,-0.015260
19720000000,2.022560,-0.631541,9.674822,0.005762,-0.004714,0.001897
19730000000,2.098717,-0.689132,9.586027,-0.000024,0.024464,-0.002613
19740000000,2.090899,-0.695319,9.484022,-0.008296,0.007901,0.006576
19750000000,2.059856,-0.689524,9.564281,0.006506,-0.008301,0.014055
19760000000,2.043564,-0.562067,9.575865,0.001463,0.002759,-0.005912
19770000000,2.067081,-0.631884,9.646544,0.011786,0.006030,-0.015958
19780000000,2.047782,-0.610009,9.667613,-0.009318,-0.008823,-0.007412
19790000000,1.990406,-0.690122,9.545764,-0.002067,0.000141,-0.031202
19800000000,2.101575,-0.670748,9.601080,-0.004774,0.010468,-0.003385
19810000000,2.009271,-0.709165,9.494529,0.011741,-0.002196,0.002672
19820000000,2.127638,-0.748838,9.541729,0.007546,-0.007061,0.011595
19830000000,2.036851,-0.653583,9.541722,0.003649,0.006301,0.001028
19840000000,1.909120,-0.668525,9.592837,-0.023198,0.020261,0.007226
19850000000,2.084802,-0.697030,9.668691,-0.013543,-0.013503,0.001846
19860000000,2.041956,-0.748511,9.621418,0.004649,0.004812,0.014568
19870000000,2.166251,-0.709627,9.556587,0.011638,0.010323,-0.009701
19880000000,2.039966,-0.793370,9.609786,-0.000945,-0.000478,0.007792
19890000000,2.024569,-0.676314,9.595897,0.005666,0.007599,0.021974
19900000000,2.000762,-0.646534,9.624181,-0.000658,-0.000118,-0.005901
19910000000,1.997038,-0.662793,9.607394,-0.004918,0.018360,-0.001019
19920000000,2.074758,-0.658354,9.617597,0.014706,-0.011035,-0.007328
19930000000,2.091306,-0.702994,9.590466,0.015265,0.030940,-0.009644
19940000000,2.116909,-0.721024,9.551233,0.005526,0.007777,0.004860
19950000000,1.968845,-0.708030,9.567201,0.024085,0.004630,0.007208
19960000000,1.977572,-0.696193,9.517797,0.005167,-0.009963,-0.005722
19970000000,1.991003,-0.632093,9.485186,0.005071,-0.004769,0.009034
19980000000,2.061865,-0.623922,9.539419,0.002928,0.008937,-0.005707
19990000000,2.068185,-0.735295,9.595660,0.010669,-0.010383,-0.011348
