0,0.908463,-0.375638,9.764283,0.017391,-0.003457,0.002763
10000000,0.873896,-0.340943,9.723066,-0.016947,-0.007306,-0.001376
20000000,0.854278,-0.171038,9.786183,0.010533,-0.005866,-0.015870
30000000,0.895054,-0.365017,9.776339,-0.014270,-0.012067,0.009815
40000000,0.883320,-0.327645,9.708981,-0.000846,0.007588,0.002190
50000000,0.823971,-0.310814,9.692984,-0.001206,-0.005212,-0.006299
60000000,0.866955,-0.269362,9.712463,0.004785,-0.023573,0.012905
70000000,0.847429,-0.312249,9.714442,-0.007345,-0.000757,-0.009373
80000000,0.782639,-0.345318,9.756877,-0.001378,0.004873,-0.003217
90000000,0.976161,-0.382593,9.697507,-0.021530,0.012168,-0.001926
100000000,0.827511,-0.388412,9.777911,-0.002237,-0.004159,-0.020052
110000000,0.799925,-0.393516,9.699003,0.020085,0.009257,-0.012779
120000000,0.844522,-0.307045,9.695475,0.016347,-0.006055,-0.000389
130000000,0.738909,-0.393412,9.741046,0.002173,0.010541,-0.008728
140000000,0.718741,-0.334119,9.709473,0.012226,0.014282,0.001613
150000000,0.950934,-0.419178,9.679709,-0.016963,-0.008693,-0.001290
160000000,0.890476,-0.293326,9.779709,0.008902,0.010740,0.006098
170000000,0.953525,-0.335605,9.780259,-0.000142,-0.013417,0.010467
180000000,0.959907,-0.276012,9.748554,0.006577,-0.000770,0.009389
190000000,0.880268,-0.358869,9.870768,0.004291,0.002805,0.002781
200000000,0.800417,-0.336244,9.764618,-0.000831,-0.009084,0.006448
210000000,0.849947,-0.359370,9.640635,0.007969,-0.008137,0.004088
220000000,0.747223,-0.339736,9.684895,-0.006877,0.009848,-0.005418
230000000,0.807080,-0.479474,9.819760,-0.015412,0.003481,0.004662
240000000,0.926001,-0.350797,9.769565,-0.001856,0.014099,0.015312
250000000,0.805398,-0.330823,9.758712,-0.000115,0.003646,0.007840
260000000,0.896572,-0.373136,9.745660,0.009410,-0.002858,-0.007726
270000000,0.849157,-0.345952,9.701295,-0.009229,0.012923,-0.004420
280000000,0.879651,-0.302292,9.742790,0.013854,0.012286,-0.007721
290000000,0.874441,-0.450259,9.746132,-0.000071,0.013600,-0.001120
300000000,0.849745,-0.308833,9.798218,0.006869,0.005512,0.016111
310000000,0.930015,-0.409175,9.674469,0.000829,-0.000592,0.007054
320000000,0.863880,-0.273912,9.849762,0.012022,0.003174,-0.002617
330000000,0.780752,-0.413676,9.788495,0.002198,0.019827,-0.006611
340000000,0.836772,-0.326279,9.691405,0.016603,-0.018093,0.010536
350000000,0.867082,-0.283095,9.764784,0.006860,0.015790,0.024447
360000000,0.926773,-0.335601,9.789216,-0.008980,-0.009427,-0.012754
370000000,0.854409,-0.303137,9.778156,0.001052,-0.011892,0.005094
380000000,0.848869,-0.298085,9.823381,-0.003407,-0.003442,0.016113
390000000,0.868961,-0.309143,9.666169,-0.010589,-0.008371,0.005120
400000000,0.828525,-0.343177,9.691954,0.013807,0.001275,-0.003582
410000000,0.816256,-0.369586,9.775648,0.009393,-0.004323,0.000161
420000000,0.869576,-0.442720,9.781474,-0.018781,0.017190,-0.004356
430000000,0.824896,-0.303899,9.684129,-0.003395,-0.015700,0.003126
440000000,0.904995,-0.365245,9.772010,-0.001019,-0.009666,0.007313
450000000,0.851808,-0.296228,9.748426,0.007283,0.004253,-0.012119
460000000,0.778819,-0.374781,9.679849,-0.010259,-0.001342,0.005617
470000000,0.873066,-0.282240,9.706655,0.002648,-0.002323,0.001300
480000000,0.830686,-0.396494,9.731050,-0.013327,0.001118,0.000987
490000000,0.940363,-0.316512,9.872276,-0.014156,-0.020011,0.001069
500000000,0.910293,-0.296973,9.707791,-0.006723,0.005906,-0.016263
510000000,0.867731,-0.346933,9.788857,-0.011955,0.012906,-0.000944
520000000,0.842785,-0.332047,9.750585,-0.005200,0.006361,-0.002901
530000000,0.809009,-0.345995,9.776434,-0.015569,0.000075,0.013330
540000000,0.879540,-0.393868,9.883327,0.016237,0.002450,-0.007243
550000000,0.901858,-0.300852,9.724374,0.000194,0.006331,0.014750
560000000,0.766410,-0.362036,9.785051,0.015107,-0.008054,-0.000460
570000000,0.894855,-0.366326,9.687150,-0.000460,0.014526,0.016948
580000000,0.896361,-0.312347,9.806527,0.005712,-0.006894,-0.005067
590000000,0.787216,-0.354591,9.737950,0.005041,-0.003713,-0.005421
600000000,0.899691,-0.257493,9.722831,0.008545,-0.002383,-0.004765
610000000,0.849578,-0.342428,9.754598,0.020443,-0.004837,-0.002918
620000000,0.895496,-0.285817,9.820747,-0.016269,-0.000096,0.006929
630000000,0.928270,-0.397376,9.777056,0.006684,0.008919,-0.005346
640000000,0.985442,-0.371892,9.709558,0.000161,-0.005608,0.019558
650000000,0.804801,-0.289370,9.747828,0.010465,-0.007760,0.017716
660000000,0.815948,-0.328103,9.811156,-0.009214,-0.011115,0.002912
670000000,0.788419,-0.330874,9.695867,0.004473,-0.003674,-0.018098
680000000,0.902380,-0.335401,9.755860,0.027715,0.008875,-0.008752
690000000,0.860301,-0.266249,9.792163,0.011879,0.015015,0.020135
700000000,0.896203,-0.327674,9.802652,-0.007558,-0.011907,-0.005289
710000000,0.933693,-0.314477,9.728968,-0.001445,-0.012926,-0.014529
720000000,0.773024,-0.279011,9.817949,-0.015015,0.010792,0.006769
730000000,0.863566,-0.244419,9.720929,0.003336,-0.005335,-0.009988
740000000,0.825580,-0.333244,9.690734,0.003148,0.000891,-0.001969
750000000,0.832034,-0.397442,9.783163,0.008401,-0.007185,-0.009902
760000000,0.859940,-0.344740,9.790187,-0.010429,-0.002466,0.002727
770000000,0.883428,-0.355144,9.772075,-0.018550,0.003359,0.001693
780000000,0.803003,-0.271796,9.811939,0.000641,0.010329,-0.004580
790000000,0.809043,-0.368353,9.751211,-0.002560,-0.001995,0.001949
800000000,0.839921,-0.334588,9.730250,0.000100,0.005560,-0.013128
810000000,0.867263,-0.332023,9.780766,-0.005006,-0.002881,0.018884
820000000,0.838630,-0.288746,9.800004,0.013179,0.000667,0.020065
830000000,0.964657,-0.354627,9.816270,-0.012004,0.006788,0.005079
840000000,0.891834,-0.321645,9.782883,-0.018784,-0.002636,-0.001863
850000000,0.884056,-0.318175,9.605998,-0.021215,0.003573,-0.003551
860000000,0.783770,-0.367889,9.808228,-0.001523,-0.005387,0.013668
870000000,0.794360,-0.391316,9.796844,-0.005077,-0.007734,-0.025810
880000000,0.814425,-0.354235,9.693231,0.004375,0.001852,-0.003383
890000000,0.862768,-0.301613,9.781293,-0.007111,0.001047,-0.013543
900000000,0.894152,-0.307856,9.736633,0.012549,0.002354,0.006989
910000000,0.849533,-0.404189,9.762446,0.011060,-0.020005,-0.006526
920000000,0.884926,-0.337210,9.765841,0.008007,0.012395,0.011875
930000000,0.825774,-0.365205,9.751519,0.008389,0.003171,0.001909
940000000,0.843014,-0.329146,9.773311,-0.018263,0.000890,0.016830
950000000,0.908126,-0.335294,9.672540,-0.002334,0.012804,0.004837
960000000,0.937698,-0.361616,9.692248,0.013257,0.002947,-0.000369
970000000,0.832891,-0.364522,9.787508,-0.021104,0.003124,0.003631
980000000,0.946153,-0.365029,9.793695,-0.009656,-0.008685,-0.003271
990000000,0.854610,-0.396212,9.753613,0.004675,0.000415,0.004930
1000000000,0.779254,-0.421749,9.745626,-0.003075,0.017429,-0.001729
1010000000,0.905363,-0.363187,9.876424,-0.003277,-0.000991,-0.008246
1020000000,0.889556,-0.349250,9.878256,0.008108,-0.013155,-0.000486
1030000000,0.836650,-0.319559,9.770476,-0.007291,-0.001004,0.002943
1040000000,0.861478,-0.327620,9.882552,0.000053,0.015202,0.009297
1050000000,0.838427,-0.360184,9.837502,0.009942,0.012374,-0.009688
1060000000,0.767941,-0.325538,9.794242,0.002421,0.015456,-0.026096
1070000000,0.844315,-0.295047,9.736172,0.010822,-0.000161,-0.004879
1080000000,0.843983,-0.377849,9.775311,0.009083,-0.002311,0.011577
1090000000,0.857153,-0.440612,9.804374,0.000129,0.000853,0.005597
1100000000,0.909482,-0.312270,9.722308,-0.000339,0.010488,0.004786
1110000000,0.903573,-0.377645,9.751071,-0.010099,0.016576,-0.011669
1120000000,0.845471,-0.336790,9.801246,-0.003578,0.005940,-0.019589
1130000000,0.843605,-0.430151,9.655812,-0.004182,0.005970,0.014343
1140000000,0.823492,-0.400938,9.697273,0.002589,0.001741,0.006568
1150000000,0.782353,-0.382909,9.746440,-0.005400,-0.000686,-0.001173
1160000000,0.833464,-0.285903,9.691336,0.010807,0.020203,-0.008146
1170000000,0.854717,-0.305001,9.855591,-0.007290,0.006148,-0.004508
1180000000,0.808020,-0.342427,9.644006,0.012156,-0.013531,-0.001525
1190000000,0.897747,-0.417056,9.740809,0.005929,-0.002881,0.007384
1200000000,0.914878,-0.287987,9.737004,0.002513,0.005192,0.000752
1210000000,0.777120,-0.327233,9.668755,-0.012700,-0.003461,-0.009495
1220000000,0.853065,-0.282729,9.794142,0.007185,0.005364,-0.007865
1230000000,0.824778,-0.339030,9.671253,-0.003658,-0.014894,0.013633
1240000000,0.816645,-0.330387,9.690406,-0.013477,-0.005942,0.010109
1250000000,0.776327,-0.252543,9.802539,-0.006249,0.010623,0.010750
1260000000,0.817611,-0.315468,9.747272,-0.006268,0.003030,0.009700
1270000000,0.842865,-0.357768,9.740782,0.000637,0.002478,-0.011945
1280000000,0.846660,-0.368971,9.759495,-0.004611,0.007095,0.011486
1290000000,0.922600,-0.311917,9.725780,0.018223,0.000801,0.014872
1300000000,0.865241,-0.329311,9.755763,0.011293,0.016523,-0.009982
1310000000,0.863538,-0.341694,9.716961,-0.003822,0.015645,-0.013502
1320000000,0.842494,-0.309200,9.765429,-0.000399,-0.007972,0.009009
1330000000,0.816863,-0.390726,9.779968,0.001257,-0.014400,0.014742
1340000000,0.834835,-0.475852,9.713344,-0.005193,-0.009329,-0.009611
1350000000,0.988561,-0.306987,9.778064,0.013662,0.000962,-0.005225
1360000000,0.860568,-0.337909,9.819917,-0.009264,-0.014769,0.002809
1370000000,0.843635,-0.348106,9.748876,-0.009741,0.002653,-0.000537
1380000000,0.862136,-0.343558,9.889083,0.019958,-0.011149,0.020273
1390000000,0.948826,-0.303285,9.760690,-0.003963,-0.009275,0.024371
1400000000,0.968855,-0.279897,9.698539,0.016156,0.026857,-0.005248
1410000000,0.823296,-0.387873,9.695108,0.006292,0.013465,-0.006969
1420000000,0.771545,-0.366757,9.821395,0.021663,-0.001578,0.009602
1430000000,0.864122,-0.373754,9.793846,-0.001215,0.007978,-0.002016
1440000000,0.839032,-0.350015,9.732090,-0.018830,-0.000290,-0.007287
1450000000,0.875688,-0.298253,9.772657,-0.014808,-0.001043,0.007126
1460000000,0.835290,-0.326252,9.760076,-0.005310,0.016843,0.001550
1470000000,0.842342,-0.373835,9.805385,0.020978,-0.001439,-0.005359
1480000000,0.818391,-0.326262,9.792298,-0.010307,0.016154,-0.000068
1490000000,0.803259,-0.411198,9.782110,-0.010117,-0.009349,-0.002900
1500000000,0.903796,-0.305521,9.704905,0.005930,-0.000543,-0.001376
1510000000,0.808772,-0.250189,9.746538,0.006391,0.010313,0.000839
1520000000,0.821948,-0.321064,9.795040,0.009114,-0.003890,-0.009882
1530000000,0.884945,-0.349634,9.829311,0.010900,0.002098,0.007294
1540000000,0.805215,-0.382091,9.779974,0.011957,-0.010516,-0.002429
1550000000,0.866147,-0.338669,9.717421,0.014213,-0.008113,-0.006214
1560000000,0.931426,-0.308048,9.709995,-0.005098,0.001979,-0.015703
1570000000,0.842238,-0.332339,9.778410,-0.019608,-0.008591,-0.007384
1580000000,0.817416,-0.211894,9.768496,0.011120,0.003624,-0.010342
1590000000,0.808523,-0.337373,9.666148,-0.004375,-0.004552,0.010426
1600000000,0.850237,-0.330804,9.817598,0.019905,-0.001789,-0.003294
1610000000,0.891992,-0.337516,9.733869,-0.001928,0.013932,-0.000372
1620000000,0.828893,-0.335842,9.865846,0.004779,0.013645,0.003327
1630000000,0.868469,-0.357541,9.758280,-0.009305,0.004500,-0.009139
1640000000,0.833463,-0.372396,9.820113,-0.005069,0.009513,0.003304
1650000000,0.876791,-0.377608,9.742575,0.007268,0.007365,0.012704
1660000000,0.900996,-0.394778,9.797333,-0.013244,-0.017832,-0.012770
1670000000,0.873674,-0.366608,9.701041,0.008027,-0.006711,-0.000469
1680000000,0.870849,-0.371006,9.756532,-0.008764,0.008538,-0.009069
1690000000,0.849953,-0.284117,9.787292,0.012687,0.003876,-0.010940
1700000000,0.771896,-0.321676,9.742163,0.001882,-0.010546,-0.003521
1710000000,0.762257,-0.284385,9.738608,-0.003796,-0.002518,-0.010272
1720000000,0.873608,-0.412478,9.735142,0.010207,0.000199,0.019227
1730000000,0.892574,-0.397377,9.753095,0.001415,0.001868,-0.009943
1740000000,0.797262,-0.317188,9.772929,0.004150,-0.004258,-0.020828
1750000000,0.801365,-0.473153,9.787512,0.001437,-0.018642,0.012624
1760000000,0.846768,-0.382620,9.740204,0.007228,0.007786,-0.003014
1770000000,0.958168,-0.345270,9.754197,-0.006188,-0.008506,0.015525
1780000000,0.840194,-0.327083,9.751237,0.013223,0.000943,-0.008871
1790000000,0.909263,-0.370698,9.802389,0.007605,0.014984,-0.001487
1800000000,0.861011,-0.382690,9.798264,-0.003149,0.010587,0.014067
1810000000,0.790105,-0.321721,9.737877,0.003672,0.009953,-0.010719
1820000000,0.890181,-0.329242,9.703837,-0.006990,-0.004755,0.005600
1830000000,0.792406,-0.339561,9.708582,-0.019225,-0.010459,0.015834
1840000000,0.847166,-0.348542,9.699758,-0.015352,-0.008784,0.011340
1850000000,0.931584,-0.324784,9.674525,0.014634,-0.014584,-0.009276
1860000000,0.917079,-0.350109,9.727228,-0.005607,0.009911,-0.005763
1870000000,0.834208,-0.279332,9.723699,-0.006958,0.001078,0.011699
1880000000,0.953868,-0.375293,9.709935,-0.019904,0.004469,0.027182
1890000000,0.885615,-0.300073,9.851361,0.011950,-0.018875,0.015251
1900000000,0.753312,-0.343993,9.778278,-0.008674,0.006496,-0.000604
1910000000,0.839293,-0.334225,9.679490,0.006883,0.006839,0.015693
1920000000,0.892128,-0.294295,9.838805,0.018678,0.003328,0.009165
1930000000,0.859989,-0.443833,9.766226,-0.002433,0.007242,-0.005385
1940000000,0.866002,-0.241230,9.731649,-0.011325,-0.004113,0.004920
1950000000,0.896433,-0.316517,9.823127,0.006238,-0.006237,0.001934
1960000000,0.900255,-0.428382,9.747979,0.007280,0.018190,0.010307
1970000000,0.797933,-0.372639,9.743012,-0.013342,0.001531,0.008291
1980000000,0.918823,-0.327122,9.798759,-0.022520,-0.000870,0.001820
1990000000,0.824315,-0.251505,9.779118,-0.009280,-0.002327,-0.025813
2000000000,0.883527,-0.359318,9.690797,-0.008254,-0.007141,-0.016720
2010000000,0.804837,-0.257629,9.744795,0.006733,0.004303,-0.002952
2020000000,0.851119,-0.289624,9.771704,-0.006638,0.004229,0.000402
2030000000,0.843504,-0.368114,9.679954,0.015189,-0.002525,-0.012236
2040000000,0.798610,-0.366196,9.788866,0.018689,-0.007102,0.008692
2050000000,0.912548,-0.268483,9.799112,0.013843,-0.000989,-0.009408
2060000000,0.914054,-0.339606,9.819166,0.006171,-0.003550,-0.001973
2070000000,0.951627,-0.301766,9.818044,-0.008756,0.006397,0.001776
2080000000,0.760282,-0.285509,9.816656,0.003894,-0.001804,0.012999
2090000000,0.778437,-0.325133,9.766243,0.006181,0.006897,-0.001250
2100000000,0.789425,-0.227254,9.742125,-0.009345,0.009371,0.009648
2110000000,0.885943,-0.331897,9.760602,-0.014347,-0.001131,0.000024
2120000000,0.877657,-0.363905,9.817391,0.011242,-0.011082,-0.007597
2130000000,0.893733,-0.286186,9.722456,-0.003847,0.003119,-0.008448
2140000000,0.844735,-0.374435,9.723067,0.004730,0.004239,0.006133
2150000000,0.919026,-0.414029,9.651086,-0.005386,0.005904,0.004537
2160000000,0.788593,-0.358590,9.804173,-0.015634,0.002672,-0.003853
2170000000,0.911989,-0.290648,9.754649,0.011666,-0.017204,0.017804
2180000000,0.907236,-0.424939,9.709304,-0.009889,-0.008861,-0.001442
2190000000,0.906259,-0.282278,9.669981,-0.000081,0.003471,-0.003366
2200000000,0.823729,-0.307359,9.763352,-0.006818,0.014879,0.003701
2210000000,0.912834,-0.302708,9.793979,0.001647,-0.000157,0.010870
2220000000,0.959311,-0.380152,9.734138,0.000223,-0.006169,0.015418
2230000000,0.862858,-0.417372,9.780533,-0.003629,-0.012244,0.001427
2240000000,0.807397,-0.380606,9.828517,-0.016309,-0.022783,0.005834
2250000000,0.877311,-0.407706,9.820492,0.021915,-0.008338,-0.010373
2260000000,0.873343,-0.423323,9.773745,-0.012508,0.003200,-0.008783
2270000000,0.867127,-0.268495,9.701689,0.019510,0.001604,-0.000648
2280000000,0.816720,-0.296476,9.741023,0.005585,0.017081,-0.011302
2290000000,0.788052,-0.334150,9.794415,-0.001506,-0.003768,0.006232
2300000000,0.852977,-0.297929,9.722606,0.000310,0.007467,0.004476
2310000000,0.869636,-0.320461,9.672699,0.000557,-0.003971,0.004865
2320000000,0.805887,-0.285048,9.829559,0.008867,0.004121,-0.002996
2330000000,0.781102,-0.343319,9.696749,0.016135,0.007518,-0.006025
2340000000,0.806399,-0.340114,9.792747,-0.008613,0.023627,-0.020304
2350000000,0.848462,-0.361002,9.796657,-0.003962,-0.011309,0.002055
2360000000,0.828367,-0.304824,9.834481,-0.008776,0.001910,-0.007822
2370000000,0.797336,-0.302953,9.874079,-0.021144,-0.006895,0.004235
2380000000,0.865834,-0.325369,9.806348,-0.015100,0.010200,-0.006140
2390000000,0.850608,-0.334110,9.735493,0.011950,0.005389,0.007396
2400000000,0.827277,-0.349121,9.810485,0.012698,-0.003339,-0.000393
2410000000,0.796281,-0.274958,9.764909,0.003100,0.018456,0.020951
2420000000,0.833335,-0.363709,9.704061,0.011387,0.017412,0.001259
2430000000,0.807372,-0.373744,9.734258,0.009469,-0.021234,-0.011463
2440000000,0.891814,-0.305733,9.754017,-0.001192,-0.001781,0.007163
2450000000,0.776035,-0.342295,9.778599,0.000712,-0.006863,0.010201
2460000000,1.027124,-0.256105,9.683910,-0.002072,0.003777,0.014025
2470000000,0.817390,-0.357891,9.826881,0.012037,-0.011112,-0.003542
2480000000,0.853390,-0.310807,9.747423,-0.009305,0.019798,-0.005852
2490000000,0.793353,-0.278618,9.734043,-0.007010,-0.013554,-0.003388
2500000000,0.864822,-0.319984,9.716163,-0.010736,0.004610,0.010188
2510000000,0.815538,-0.299307,9.765199,-0.018364,-0.002697,-0.004367
2520000000,0.877369,-0.439491,9.792898,-0.003175,-0.018935,-0.004249
2530000000,0.819068,-0.280461,9.702129,-0.011373,0.005438,-0.022365
2540000000,0.839076,-0.321759,9.659650,0.005994,-0.000272,0.007731
2550000000,0.923454,-0.327682,9.644774,-0.006340,0.001377,-0.003875
2560000000,0.828925,-0.265808,9.780343,0.019355,-0.003680,-0.008529
2570000000,0.857577,-0.355677,9.776125,0.014408,-0.018800,-0.001282
2580000000,0.899979,-0.384972,9.713673,0.008542,-0.006328,-0.007045
2590000000,0.948166,-0.284772,9.773364,0.006762,0.017746,-0.002416
2600000000,0.811921,-0.308120,9.735948,0.004027,0.006156,-0.000455
2610000000,0.888166,-0.270005,9.794003,0.015119,-0.007168,0.009259
2620000000,0.814649,-0.403884,9.722810,0.011003,-0.006833,0.020967
2630000000,0.845074,-0.297334,9.842387,0.018013,-0.012057,-0.009387
2640000000,0.799997,-0.408124,9.794505,0.011187,-0.011619,0.007328
2650000000,0.818046,-0.339242,9.760040,0.015946,0.000111,0.002093
2660000000,0.833622,-0.283146,9.823486,-0.003641,-0.006396,-0.000729
2670000000,0.878041,-0.339599,9.864525,0.003445,0.005797,0.000770
2680000000,0.818913,-0.384145,9.800919,0.002494,0.001928,0.004190
2690000000,0.887382,-0.308439,9.733601,-0.026630,0.001399,0.001117
2700000000,0.796988,-0.346040,9.700293,0.000408,-0.010407,0.010981
2710000000,0.890933,-0.360447,9.807435,0.001964,0.003631,0.012155
2720000000,0.891147,-0.252055,9.868252,-0.010552,0.003026,-0.012271
2730000000,0.917038,-0.300096,9.790040,-0.011202,-0.004629,-0.003397
2740000000,0.932771,-0.349327,9.729734,-0.006059,0.002708,0.006717
2750000000,0.835716,-0.316303,9.735753,-0.013450,-0.006156,-0.017846
2760000000,0.896519,-0.335962,9.706940,-0.006686,0.019203,-0.001238
2770000000,0.852219,-0.286321,9.654552,0.004329,-0.009567,0.006051
2780000000,0.824522,-0.362935,9.784656,-0.003062,-0.006156,-0.000127
2790000000,0.856004,-0.300468,9.759911,-0.028400,-0.019042,0.002449
2800000000,0.846312,-0.312566,9.878181,-0.005642,-0.001963,0.014617
2810000000,0.933947,-0.360541,9.818645,0.013773,0.002535,-0.005426
2820000000,0.900959,-0.300940,9.768026,0.007438,-0.004999,-0.007304
2830000000,0.927099,-0.271044,9.736597,0.006561,0.006064,0.001750
2840000000,0.898288,-0.378341,9.766852,-0.002573,0.012635,0.002002
2850000000,0.899732,-0.328352,9.799236,-0.010250,0.015585,-0.020471
2860000000,0.946512,-0.366247,9.746139,0.015599,-0.003977,-0.001459
2870000000,0.785007,-0.292494,9.887755,0.009346,-0.002013,0.004579
2880000000,0.813282,-0.431446,9.898149,0.013984,0.013397,0.002623
2890000000,0.782721,-0.410921,9.783278,0.002420,0.014124,0.018972
2900000000,0.808412,-0.270121,9.689240,0.008153,-0.021742,-0.001043
2910000000,0.910193,-0.363860,9.759641,-0.003134,-0.000126,-0.004464
2920000000,0.857749,-0.356251,9.727744,-0.007847,0.001842,-0.014066
2930000000,0.825247,-0.364596,9.749488,-0.006422,-0.004323,0.011022
2940000000,0.837131,-0.355289,9.662983,-0.006283,0.003520,0.001060
2950000000,0.791543,-0.318526,9.740369,-0.003233,-0.006179,0.012267
2960000000,0.914834,-0.274541,9.791447,0.000810,0.003934,-0.016084
2970000000,0.839525,-0.415987,9.790827,0.011210,-0.006974,0.001173
2980000000,0.904866,-0.314182,9.772271,-0.018089,0.003142,-0.003744
2990000000,0.894028,-0.287148,9.727160,-0.002870,-0.006845,-0.006696
3000000000,0.842219,-0.299039,9.701509,0.019292,0.000453,0.004424
3010000000,0.793900,-0.413407,9.637543,-0.017278,-0.007067,0.007904
3020000000,0.831623,-0.415891,9.735590,0.006609,0.007477,0.007620
3030000000,0.845142,-0.393548,9.715155,0.007485,0.006429,-0.002801
3040000000,0.858612,-0.310041,9.689753,0.012013,0.015186,0.001135
3050000000,0.853434,-0.332490,9.783675,0.002997,0.007217,-0.002257
3060000000,0.848988,-0.310243,9.734823,-0.003229,0.012494,-0.009792
3070000000,0.944433,-0.392929,9.771249,-0.005286,-0.010243,-0.002252
3080000000,0.892747,-0.400220,9.772810,-0.021193,-0.015646,0.009515
3090000000,0.816518,-0.416643,9.786942,-0.006028,0.000234,-0.007435
3100000000,0.815413,-0.326630,9.799332,0.001536,0.001883,-0.012145
3110000000,0.804517,-0.302530,9.791421,0.018957,0.011573,0.017328
3120000000,0.868048,-0.306566,9.701493,-0.016533,0.004123,-0.007285
3130000000,0.895953,-0.425702,9.737014,0.000942,0.009969,-0.006275
3140000000,0.918775,-0.472530,9.816431,0.002334,-0.004903,0.013199
3150000000,0.792143,-0.241279,9.782281,-0.010280,0.009956,-0.007639
3160000000,0.836460,-0.287896,9.756931,-0.006112,-0.008123,-0.004866
3170000000,0.753970,-0.355711,9.695424,-0.007581,0.017006,-0.007070
3180000000,0.839010,-0.306814,9.739766,0.012432,-0.018741,0.002101
3190000000,0.854190,-0.263621,9.798489,-0.008988,-0.014918,-0.006308
3200000000,0.881109,-0.365564,9.824736,0.011331,-0.000677,0.001667
3210000000,0.889130,-0.322160,9.807227,0.002701,0.007142,-0.020042
3220000000,0.907841,-0.355437,9.761122,0.000790,0.002225,0.006233
3230000000,0.863413,-0.417615,9.815096,0.006203,0.009748,0.007370
3240000000,0.828428,-0.319495,9.763556,0.011092,0.001850,0.000501
3250000000,0.791763,-0.362045,9.753574,0.009821,-0.005547,-0.006193
3260000000,0.805613,-0.364681,9.740368,0.015578,0.008481,0.009155
3270000000,0.846172,-0.345572,9.801590,-0.010561,0.002086,-0.001696
3280000000,0.786886,-0.352528,9.854955,0.002260,-0.017820,-0.004887
3290000000,0.924419,-0.289108,9.691037,0.003349,0.021624,-0.010250
3300000000,0.847803,-0.315623,9.781260,-0.006462,-0.009640,0.006944
3310000000,0.804908,-0.302366,9.686669,0.013206,0.002846,-0.019835
3320000000,0.823371,-0.336525,9.679370,0.001149,0.000276,0.006946
3330000000,0.813987,-0.297422,9.794987,0.000009,-0.005866,-0.002125
3340000000,0.822482,-0.373391,9.779671,-0.012851,-0.004557,-0.000791
3350000000,0.841021,-0.374103,9.726051,0.001194,0.013194,-0.008147
3360000000,0.859108,-0.286177,9.731967,0.015907,-0.007011,0.002018
3370000000,0.864406,-0.414220,9.767273,0.007913,-0.006297,-0.007960
3380000000,0.939712,-0.351196,9.704918,0.010973,0.013993,-0.009732
3390000000,0.861129,-0.347397,9.773626,0.019617,0.001222,-0.010731
3400000000,0.909766,-0.342209,9.726839,-0.009206,-0.016436,0.007401
3410000000,0.812371,-0.251983,9.775559,0.018486,-0.006538,-0.010734
3420000000,0.839179,-0.295339,9.806427,0.006980,-0.002672,-0.016136
3430000000,0.836402,-0.406690,9.768395,-0.017460,0.008163,0.005579
3440000000,0.871933,-0.330606,9.803812,0.006801,-0.010137,-0.007137
3450000000,0.760213,-0.283133,9.779860,-0.000240,0.001343,-0.007329
3460000000,0.895461,-0.252827,9.777235,0.003259,0.010608,-0.011236
3470000000,0.769569,-0.284128,9.840509,0.004010,-0.004779,0.006207
3480000000,0.923566,-0.370806,9.757168,-0.002870,-0.003723,-0.018172
3490000000,0.863087,-0.288491,9.757647,0.014714,0.003975,-0.016634
3500000000,0.804840,-0.416997,9.758374,-0.001064,0.014804,-0.005544
3510000000,0.846048,-0.375613,9.725057,-0.010790,0.003032,0.009920
3520000000,0.782579,-0.313229,9.731240,0.002553,0.000296,-0.007684
3530000000,0.815222,-0.310159,9.762682,-0.005036,-0.002399,-0.000080
3540000000,0.947125,-0.326772,9.735596,0.005726,0.010224,-0.004406
3550000000,0.897395,-0.336724,9.810775,0.000663,-0.007880,0.016006
3560000000,0.886916,-0.328157,9.654869,-0.006902,-0.009481,0.001973
3570000000,0.841708,-0.376289,9.802609,-0.001879,-0.004798,-0.003431
3580000000,0.882872,-0.343816,9.729095,0.000814,0.009314,-0.015284
3590000000,0.945940,-0.296738,9.793365,-0.022681,-0.004813,0.016061
3600000000,0.861837,-0.352207,9.841240,0.000496,0.015055,0.008961
3610000000,0.720466,-0.337463,9.813129,-0.004147,-0.001214,0.005139
3620000000,0.875911,-0.303341,9.750990,-0.002065,-0.005021,-0.013536
3630000000,0.907115,-0.342619,9.775969,-0.014312,-0.002921,0.007097
3640000000,0.845692,-0.321855,9.715552,-0.006253,0.000095,-0.005234
3650000000,0.971768,-0.291079,9.773090,0.017540,-0.000836,0.005340
3660000000,0.863008,-0.394165,9.809976,0.013427,-0.002800,0.015454
3670000000,0.842916,-0.332496,9.735573,-0.007707,0.007136,0.015894
3680000000,0.793950,-0.319312,9.718465,-0.003833,-0.002332,0.007533
3690000000,0.871472,-0.331852,9.730867,-0.014720,0.006454,-0.004888
3700000000,0.743026,-0.258810,9.781423,-0.008114,0.000995,-0.009370
3710000000,0.941832,-0.360937,9.866359,-0.006818,-0.000063,0.010287
3720000000,0.858309,-0.382765,9.823850,-0.016048,0.018829,0.019733
3730000000,0.914262,-0.336289,9.772618,0.005671,0.011244,0.000642
3740000000,0.890795,-0.306429,9.738394,0.000123,0.001641,0.005608
3750000000,0.874251,-0.298013,9.729652,-0.006450,0.007769,-0.000795
3760000000,0.830668,-0.266610,9.826350,-0.004493,0.007175,0.021604
3770000000,0.809698,-0.369180,9.760936,-0.000340,0.001630,0.005410
3780000000,0.801129,-0.340013,9.760653,-0.008790,-0.004239,0.009472
3790000000,0.840027,-0.317894,9.821009,-0.007410,0.003908,-0.023472
3800000000,0.793327,-0.381848,9.780137,0.010278,0.015138,-0.013362
3810000000,0.828319,-0.337884,9.768938,-0.003061,-0.017977,0.001579
3820000000,0.868178,-0.341926,9.783064,0.014788,-0.011050,0.012164
3830000000,0.890442,-0.418113,9.762589,0.011892,-0.014634,-0.010644
3840000000,0.878499,-0.329920,9.762250,0.001879,0.002021,-0.002093
3850000000,0.916577,-0.262642,9.732436,-0.003936,0.004210,-0.010137
3860000000,0.920532,-0.394052,9.842539,0.005129,-0.004371,-0.002918
3870000000,0.898159,-0.348386,9.784755,0.002610,-0.008760,0.002911
3880000000,0.909716,-0.298489,9.789098,0.009140,0.005448,-0.002396
3890000000,0.860104,-0.440242,9.837569,-0.002091,0.013992,-0.020073
3900000000,0.749445,-0.290242,9.702328,-0.003134,0.012848,0.002954
3910000000,0.802363,-0.323399,9.772938,-0.012251,-0.001389,0.000945
3920000000,0.792398,-0.406296,9.772736,0.010571,0.011924,-0.012696
3930000000,0.848089,-0.216586,9.764679,0.008049,-0.000791,0.010281
3940000000,0.857136,-0.279699,9.692316,-0.005276,0.011417,-0.006800
3950000000,0.849856,-0.282497,9.844797,0.009066,-0.002343,-0.010841
3960000000,0.879759,-0.412838,9.781399,0.002175,0.005580,0.003519
3970000000,0.766563,-0.192939,9.728087,0.019449,0.022984,0.006796
3980000000,0.858545,-0.374309,9.650316,-0.001533,-0.002523,0.018163
3990000000,0.907945,-0.422489,9.757638,0.022959,0.013380,0.012409
4000000000,0.880342,-0.367825,9.747208,-0.010201,-0.006333,0.022035
4010000000,0.859787,-0.371820,9.747993,-0.014963,-0.006972,-0.002919
4020000000,0.744233,-0.334259,9.730409,0.001004,-0.018489,0.013247
4030000000,0.852031,-0.366132,9.664841,0.010173,0.000760,-0.014786
4040000000,0.940678,-0.356652,9.737410,0.012689,-0.019496,0.012161
4050000000,0.856569,-0.337940,9.777233,-0.002730,-0.005112,0.004086
4060000000,0.744785,-0.243134,9.757019,0.000219,0.006121,-0.003450
4070000000,0.859311,-0.300899,9.804090,0.007237,-0.000732,0.001046
4080000000,0.993788,-0.223156,9.767550,-0.008840,-0.002083,0.005984
4090000000,0.803289,-0.358719,9.787451,-0.009327,-0.027502,-0.005268
4100000000,0.839915,-0.372636,9.775404,0.011553,-0.005940,-0.014357
4110000000,0.832209,-0.300053,9.743548,-0.010067,-0.005909,-0.010755
4120000000,0.898982,-0.314160,9.767312,-0.004489,-0.004258,0.005710
4130000000,0.826390,-0.271674,9.839868,0.014421,0.005582,0.009561
4140000000,0.860142,-0.304579,9.793615,0.004471,0.000189,-0.004351
4150000000,0.875782,-0.267601,9.728708,-0.002412,-0.005160,0.013746
4160000000,0.800807,-0.351483,9.701879,-0.005088,0.011367,-0.003819
4170000000,0.883402,-0.318511,9.725905,-0.000025,-0.001478,-0.011378
4180000000,0.823687,-0.283115,9.807627,0.003921,0.000957,-0.001375
4190000000,0.835518,-0.407600,9.819844,0.011629,0.005215,0.013752
4200000000,0.842278,-0.291064,9.807982,-0.002456,-0.004804,-0.001367
4210000000,0.840997,-0.357380,9.768134,-0.001206,-0.012876,-0.000604
4220000000,0.814676,-0.330188,9.791067,0.008567,0.011437,0.001425
4230000000,0.867748,-0.312753,9.759474,-0.007475,0.000326,-0.001332
4240000000,0.928224,-0.296909,9.750657,-0.003295,-0.006049,0.001621
4250000000,0.870567,-0.313058,9.743330,0.006045,-0.005068,0.007855
4260000000,0.848517,-0.393545,9.737282,0.005831,-0.016750,0.007989
4270000000,0.898875,-0.326089,9.698483,0.001293,-0.017766,-0.001953
4280000000,0.929103,-0.401351,9.708016,0.010481,0.000409,-0.008893
4290000000,0.853016,-0.307591,9.844939,0.000155,0.007845,0.004766
4300000000,0.919303,-0.282553,9.778097,0.013474,0.006142,-0.007261
4310000000,0.881926,-0.426749,9.835082,-0.016346,0.004636,-0.000653
4320000000,0.799626,-0.296741,9.759928,-0.004871,-0.009991,0.025998
4330000000,0.830137,-0.393284,9.737768,-0.005335,-0.002642,-0.011958
4340000000,0.886212,-0.269518,9.719950,0.002518,-0.022526,-0.016625
4350000000,0.777784,-0.260674,9.736908,-0.009397,0.004654,0.017836
4360000000,0.847186,-0.283779,9.780546,-0.003582,0.003688,-0.007567
4370000000,0.856659,-0.302858,9.851909,-0.014711,-0.003019,0.006068
4380000000,0.822149,-0.323756,9.796836,-0.007375,0.020997,0.000923
4390000000,0.809857,-0.354361,9.797359,0.000056,0.006633,-0.010593
4400000000,0.887616,-0.358399,9.692313,0.006613,0.004638,0.008249
4410000000,0.893515,-0.385938,9.824441,-0.016189,-0.005048,0.001102
4420000000,0.868743,-0.375480,9.729160,0.001109,0.009861,-0.009920
4430000000,0.925359,-0.369775,9.748016,-0.006190,-0.018429,-0.003736
4440000000,0.896366,-0.425059,9.755024,-0.001745,0.008186,0.015334
4450000000,0.946258,-0.367356,9.838217,0.000608,-0.008265,0.009663
4460000000,0.823261,-0.315110,9.776757,0.022231,-0.006817,-0.012149
4470000000,0.885636,-0.311669,9.804582,-0.013264,0.007745,-0.008050
4480000000,0.841161,-0.442577,9.748631,0.002883,0.000441,-0.008982
4490000000,0.893589,-0.406634,9.710462,0.009697,0.005880,-0.011725
4500000000,0.889555,-0.375553,9.793833,0.002831,0.004083,0.017533
4510000000,0.876786,-0.331120,9.801145,0.007939,-0.002975,0.000349
4520000000,0.853618,-0.392623,9.844353,-0.004278,-0.007800,-0.013345
4530000000,0.815452,-0.395595,9.677422,0.006872,0.000127,-0.001425
4540000000,0.907285,-0.299732,9.827923,-0.016351,-0.002097,-0.001315
4550000000,0.805348,-0.316108,9.771630,0.006540,-0.023877,0.005309
4560000000,0.894166,-0.337051,9.750895,-0.007820,-0.007812,0.000196
4570000000,0.872356,-0.393599,9.749163,0.010637,0.014272,0.011377
4580000000,0.879618,-0.298921,9.731359,-0.017420,0.006220,0.007815
4590000000,0.819196,-0.258981,9.854980,-0.002953,-0.005852,-0.003630
4600000000,0.833646,-0.268354,9.743992,-0.002536,0.001331,0.002727
4610000000,0.868604,-0.369055,9.736333,-0.013207,-0.007799,0.000672
4620000000,0.815211,-0.356454,9.695416,-0.004260,-0.004007,-0.001099
4630000000,0.963023,-0.396691,9.771065,-0.007308,-0.021699,0.002269
4640000000,0.720096,-0.410623,9.777840,0.013949,-0.009930,0.001995
4650000000,0.870031,-0.337485,9.751579,-0.015922,-0.012344,0.022319
4660000000,0.885179,-0.366151,9.825456,-0.003800,-0.010965,-0.001506
4670000000,0.913796,-0.386546,9.764141,0.004386,-0.009883,0.008424
4680000000,0.928952,-0.299276,9.812931,0.022102,-0.013456,-0.000393
4690000000,0.858616,-0.325611,9.800297,0.001437,-0.004351,-0.012610
4700000000,0.895742,-0.248003,9.775380,-0.015472,-0.008066,0.021096
4710000000,0.878652,-0.325696,9.905396,0.001863,0.001731,0.007749
4720000000,0.813160,-0.390791,9.813951,-0.008337,-0.004534,-0.020331
4730000000,0.898008,-0.322865,9.866864,0.026333,0.005368,-0.005611
4740000000,0.872185,-0.420588,9.737814,0.003797,-0.006775,0.010354
4750000000,0.866599,-0.338486,9.876709,0.011600,0.005698,0.005992
4760000000,0.847003,-0.315953,9.711433,-0.005603,0.011585,-0.005192
4770000000,0.955642,-0.308341,9.771550,0.009718,0.001397,-0.024389
4780000000,0.856610,-0.273233,9.706401,-0.015076,0.010781,-0.014858
4790000000,0.779074,-0.326972,9.742512,-0.003799,-0.000465,-0.009673
4800000000,0.881142,-0.412040,9.722783,-0.010475,-0.009819,-0.002483
4810000000,0.926304,-0.358385,9.857583,0.019869,0.009196,0.005132
4820000000,0.871885,-0.329401,9.824105,0.010549,0.010966,0.000777
4830000000,0.857767,-0.325770,9.758821,0.010515,0.010703,0.002951
4840000000,0.857262,-0.303507,9.788357,0.008262,-0.002395,-0.001943
4850000000,0.824866,-0.335080,9.801900,-0.004281,0.001418,-0.000589
4860000000,0.780858,-0.326092,9.770676,0.002827,-0.007705,0.012071
4870000000,0.831921,-0.303075,9.693383,0.009550,0.028436,-0.004312
4880000000,0.920513,-0.260572,9.884727,-0.007188,-0.002539,-0.006282
4890000000,0.838411,-0.349633,9.840769,0.008917,0.015016,-0.015085
4900000000,0.813653,-0.352886,9.745429,-0.009216,0.009767,0.007656
4910000000,0.831956,-0.308440,9.811218,-0.001663,-0.007703,-0.000658
4920000000,0.814683,-0.367745,9.804776,-0.025754,0.007635,0.010751
4930000000,0.864596,-0.283787,9.754306,0.001375,0.004209,-0.000914
4940000000,0.875973,-0.435709,9.755122,0.004062,0.025677,0.002578
4950000000,0.876164,-0.309853,9.762189,0.001888,-0.013448,-0.016456
4960000000,0.852832,-0.400260,9.838556,-0.023263,0.008201,-0.007156
4970000000,0.851936,-0.381574,9.719404,-0.007625,-0.004085,-0.023738
4980000000,0.833348,-0.311958,9.797096,0.006652,0.011193,0.007526
4990000000,0.889961,-0.324926,9.791883,0.000519,-0.000606,-0.005908
5000000000,0.834974,-0.362042,9.688806,0.003670,0.002618,0.022127
5010000000,0.842345,-0.341073,9.797934,-0.004809,0.002104,0.003177
5020000000,0.879421,-0.315494,9.805685,0.006755,0.002534,-0.000255
5030000000,0.829955,-0.314519,9.817389,-0.006478,-0.005215,-0.002158
5040000000,0.883611,-0.394950,9.809973,-0.013023,0.005007,-0.015018
5050000000,0.999710,-0.256038,9.797405,-0.005549,-0.004782,0.005857
5060000000,0.800794,-0.405810,9.661451,0.015510,0.003286,-0.009793
5070000000,0.900601,-0.382535,9.765613,-0.005967,-0.008159,-0.005822
5080000000,0.936399,-0.374785,9.763907,0.005356,-0.018586,0.000253
5090000000,0.853637,-0.364368,9.817488,0.015993,0.001881,0.014317
5100000000,0.819452,-0.338443,9.730218,-0.007087,-0.004352,0.000748
5110000000,0.910399,-0.375884,9.715281,0.011117,-0.003896,-0.001780
5120000000,0.801914,-0.333895,9.682100,0.019386,0.007091,-0.011485
5130000000,0.808353,-0.371812,9.764348,-0.029905,0.002079,0.007941
5140000000,0.894340,-0.329460,9.746187,-0.004634,0.010141,0.004809
5150000000,0.847594,-0.370151,9.751199,0.015442,-0.021885,0.011966
5160000000,0.862547,-0.368700,9.697750,-0.019052,-0.007394,0.008133
5170000000,0.912554,-0.395028,9.720748,0.003949,-0.003396,-0.005116
5180000000,0.851184,-0.328244,9.688262,-0.017887,0.002543,0.004514
5190000000,0.808658,-0.317207,9.783420,-0.000130,-0.001636,0.003248
5200000000,0.880565,-0.319178,9.823399,-0.008337,0.007061,-0.009024
5210000000,0.756530,-0.263639,9.707399,-0.004838,0.003320,0.000739
5220000000,0.837133,-0.358027,9.741385,-0.014904,0.010657,0.005115
5230000000,0.875248,-0.359631,9.756051,-0.012894,-0.001301,-0.010606
5240000000,0.940326,-0.196282,9.738003,0.007773,-0.010603,0.000716
5250000000,0.842189,-0.394855,9.691859,0.013481,0.003011,-0.000572
5260000000,0.912495,-0.331104,9.696353,-0.017816,0.007249,0.001107
5270000000,0.777982,-0.396742,9.873691,-0.005895,-0.012133,-0.001386
5280000000,0.881447,-0.332100,9.743486,0.022026,-0.000434,0.021521
5290000000,0.849714,-0.320691,9.734522,-0.011576,0.009471,0.008692
5300000000,0.993900,-0.390679,9.754387,0.006230,0.005905,-0.008278
5310000000,0.916484,-0.431120,9.778214,-0.003886,0.000839,0.001220
5320000000,0.889107,-0.357704,9.856901,-0.000312,0.003787,-0.005331
5330000000,0.899936,-0.343585,9.774817,0.013418,0.010056,0.016177
5340000000,0.803900,-0.317363,9.780230,0.000127,-0.020806,0.000199
5350000000,0.854713,-0.411825,9.814895,-0.006133,-0.006970,0.001149
5360000000,0.829178,-0.349570,9.772869,0.010668,0.006933,0.002426
5370000000,0.868477,-0.344354,9.770083,0.000538,0.019971,-0.000355
5380000000,0.797515,-0.290239,9.762327,-0.017820,0.019123,-0.000589
5390000000,0.940420,-0.349265,9.748055,0.003543,0.006273,-0.018259
5400000000,0.902305,-0.310652,9.825143,0.005928,0.001275,0.002129
5410000000,0.859842,-0.283505,9.723576,-0.004978,-0.006280,-0.024324
5420000000,0.846971,-0.338871,9.818648,0.000629,-0.007007,0.008374
5430000000,1.000730,-0.321552,9.818810,0.003787,-0.008736,-0.000291
5440000000,0.840677,-0.350281,9.816091,-0.007073,0.015579,-0.009772
5450000000,0.841460,-0.372673,9.749488,-0.000621,0.007185,-0.002269
5460000000,0.726267,-0.329276,9.758725,0.008051,0.005733,-0.002766
5470000000,0.786745,-0.330859,9.847111,-0.004232,0.000975,-0.005651
5480000000,0.724857,-0.365806,9.718349,-0.003919,-0.014308,-0.010247
5490000000,0.866665,-0.382738,9.847761,0.011563,0.004414,-0.008236
5500000000,0.882895,-0.351005,9.681203,-0.007044,0.004462,0.000377
5510000000,0.827850,-0.302432,9.710293,0.012511,0.011143,-0.000200
5520000000,0.830867,-0.291162,9.775741,-0.009516,0.010608,-0.014930
5530000000,0.895255,-0.374028,9.803018,-0.001136,-0.009802,-0.008385
5540000000,0.880425,-0.375508,9.770160,0.010077,0.007379,-0.002158
5550000000,0.787766,-0.357696,9.745519,0.004252,0.000533,0.003283
5560000000,0.817392,-0.296368,9.829155,-0.001703,-0.006264,-0.016171
5570000000,0.817941,-0.260552,9.780070,-0.006312,-0.010952,-0.005281
5580000000,0.884783,-0.299612,9.696319,-0.008549,0.000645,0.018790
5590000000,0.776649,-0.315989,9.832238,0.011406,-0.001480,0.012434
5600000000,0.804280,-0.222464,9.793074,-0.014138,-0.000037,0.018302
5610000000,0.895508,-0.343939,9.767445,0.019158,0.013396,0.008988
5620000000,0.832607,-0.290805,9.765092,-0.008152,-0.009593,-0.005008
5630000000,0.899911,-0.341669,9.714248,0.020339,0.008981,0.003302
5640000000,0.893674,-0.341942,9.701314,0.003936,0.004968,0.004092
5650000000,0.773658,-0.378815,9.749501,0.002760,0.009650,-0.009460
5660000000,0.885995,-0.256767,9.733547,0.018871,0.010953,0.004125
5670000000,0.885367,-0.312184,9.822806,-0.007964,0.006281,0.002105
5680000000,0.748915,-0.316330,9.830906,-0.003875,0.003517,0.024132
5690000000,0.834337,-0.200854,9.807603,0.006305,0.003724,-0.009161
5700000000,0.841243,-0.387401,9.754293,-0.006542,0.000051,-0.018668
5710000000,0.759591,-0.302567,9.763059,0.008338,-0.012610,0.011919
5720000000,0.922543,-0.335908,9.776103,0.004895,0.008243,0.005286
5730000000,0.883216,-0.354301,9.783304,-0.010666,0.010776,-0.000884
5740000000,0.851125,-0.318894,9.799774,-0.006457,-0.004066,0.005581
5750000000,0.862454,-0.388760,9.773203,0.007932,-0.001315,-0.008040
5760000000,1.014816,-0.436080,9.770317,-0.001133,-0.002462,0.008494
5770000000,0.780819,-0.350989,9.700630,-0.003150,-0.004364,-0.004293
5780000000,0.986807,-0.283277,9.741909,-0.008746,0.005401,-0.007097
5790000000,0.870729,-0.370778,9.718461,0.001923,-0.011169,-0.006523
5800000000,0.902996,-0.244548,9.749630,-0.006944,-0.020783,-0.002876
5810000000,0.914248,-0.328576,9.723077,-0.015055,-0.016114,0.004625
5820000000,0.853858,-0.338074,9.683680,0.009626,-0.014854,0.003008
5830000000,0.869796,-0.304450,9.813498,0.001516,-0.007570,-0.001286
5840000000,0.915506,-0.335383,9.752913,0.002225,-0.000369,-0.002298
5850000000,0.749185,-0.276255,9.650273,-0.016093,-0.013676,0.012156
5860000000,0.912642,-0.363260,9.775953,0.000012,0.008302,-0.005424
5870000000,0.801738,-0.313691,9.731796,0.016329,0.001413,0.004808
5880000000,0.836898,-0.350331,9.692533,0.002420,-0.020740,0.005215
5890000000,0.865076,-0.368017,9.737143,-0.001607,-0.009957,-0.001036
5900000000,0.858029,-0.295030,9.744946,-0.000965,0.007568,-0.004918
5910000000,0.805268,-0.337146,9.745631,0.012536,-0.008577,-0.002822
5920000000,0.838988,-0.323487,9.756398,-0.008672,-0.000826,-0.007659
5930000000,0.775419,-0.406190,9.688828,0.004889,-0.006330,-0.002573
5940000000,0.746377,-0.232199,9.772817,0.009606,-0.007676,-0.008043
5950000000,0.894413,-0.299039,9.858627,-0.000572,0.005067,-0.005092
5960000000,0.874449,-0.397493,9.823108,0.003994,0.001177,-0.019668
5970000000,0.724449,-0.277572,9.740574,-0.010081,-0.004820,-0.007226
5980000000,0.840122,-0.293748,9.736810,-0.008299,-0.000755,0.005189
5990000000,0.882989,-0.327765,9.742535,-0.002157,-0.011071,0.002408
6000000000,0.951702,-0.273590,9.716945,-0.007725,-0.000777,-0.010349
6010000000,0.974462,-0.278742,9.862788,-0.007757,-0.002118,-0.006426
6020000000,0.854115,-0.373129,9.836926,-0.004781,-0.006209,0.011936
6030000000,0.881886,-0.344528,9.807812,-0.010272,-0.008487,-0.007894
6040000000,0.869304,-0.269980,9.710270,0.000348,-0.000435,0.010464
6050000000,0.891730,-0.403915,9.775770,-0.002598,0.001999,-0.004094
6060000000,0.869378,-0.347111,9.697169,-0.004917,0.011847,0.004570
6070000000,0.815531,-0.326116,9.729779,0.010953,0.012465,0.011460
6080000000,0.882573,-0.419213,9.767854,-0.005785,0.005599,-0.000287
6090000000,0.925609,-0.421679,9.785414,0.000223,0.009869,0.014948
6100000000,0.805905,-0.345489,9.741996,0.009874,-0.015087,-0.005315
6110000000,0.808942,-0.467569,9.778169,-0.015230,0.010852,0.000240
6120000000,0.879143,-0.375908,9.733509,0.002181,0.026459,-0.002805
6130000000,0.810413,-0.365577,9.691132,-0.000978,-0.010991,-0.006730
6140000000,0.871261,-0.320426,9.775729,-0.007956,-0.002942,-0.002717
6150000000,0.770777,-0.373093,9.845306,0.014367,-0.002989,0.005807
6160000000,0.821760,-0.313856,9.798313,0.016488,-0.003212,0.004470
6170000000,0.835937,-0.368979,9.726971,0.016426,0.006629,0.012949
6180000000,0.786169,-0.253391,9.846160,0.001214,0.003332,0.003197
6190000000,0.785098,-0.316979,9.789421,-0.001037,-0.001226,0.000770
6200000000,0.777948,-0.292090,9.748004,-0.001382,-0.012911,-0.002124
6210000000,0.863969,-0.285679,9.692625,-0.002827,0.004712,0.004499
6220000000,0.806713,-0.393843,9.742217,-0.003838,0.013872,-0.004350
6230000000,0.859499,-0.304103,9.722613,-0.004682,-0.000069,0.007020
6240000000,0.858175,-0.283307,9.741090,-0.016699,0.009322,0.012621
6250000000,0.900056,-0.397954,9.761862,0.008202,-0.007421,0.003082
6260000000,0.824513,-0.262888,9.712772,-0.008093,-0.010458,-0.007992
6270000000,0.936523,-0.312384,9.749101,0.008404,-0.012775,0.017578
6280000000,0.789755,-0.287946,9.819468,0.001937,0.001948,0.006621
6290000000,0.821797,-0.360791,9.751992,0.009646,-0.021849,-0.017964
6300000000,0.877775,-0.340030,9.708144,0.003399,0.005319,-0.003156
6310000000,0.828654,-0.315113,9.800961,0.010786,0.013218,0.005916
6320000000,0.853127,-0.340080,9.724357,0.023798,0.013179,0.001614
6330000000,0.812158,-0.368405,9.803051,-0.008418,-0.003776,0.017220
6340000000,0.788330,-0.299483,9.729854,-0.007861,0.009618,0.002186
6350000000,0.876073,-0.332663,9.851936,-0.012509,0.001890,0.017570
6360000000,0.840253,-0.303659,9.734529,0.010498,0.001493,0.003729
6370000000,0.763054,-0.382559,9.728004,-0.002453,0.014716,-0.013587
6380000000,0.774079,-0.291165,9.758046,0.011439,0.009256,-0.008106
6390000000,0.767726,-0.353825,9.760980,0.000976,0.017306,0.007416
6400000000,0.919596,-0.244828,9.734389,0.005606,-0.012813,-0.008322
6410000000,0.829144,-0.289327,9.833372,-0.013637,0.003238,-0.008325
6420000000,0.899670,-0.351042,9.748725,-0.014579,0.017188,-0.001930
6430000000,0.816972,-0.377176,9.798687,-0.001838,-0.007242,-0.015557
6440000000,0.823007,-0.295091,9.768544,-0.002876,-0.004915,-0.000553
6450000000,0.771013,-0.351756,9.763344,-0.004172,0.000151,-0.013932
6460000000,0.917888,-0.424527,9.811522,0.008893,-0.009856,-0.010095
6470000000,0.846248,-0.312420,9.801532,0.014223,0.017526,0.003869
6480000000,0.853525,-0.255709,9.723968,-0.007050,0.004208,-0.002723
6490000000,0.959785,-0.357267,9.725518,0.004645,0.008500,-0.006918
6500000000,0.824107,-0.380365,9.836409,0.012252,0.001304,-0.006212
6510000000,0.860617,-0.323059,9.782703,0.007448,-0.001065,0.004189
6520000000,0.830519,-0.327020,9.711216,-0.008766,-0.009779,0.005471
6530000000,0.795748,-0.328431,9.780064,-0.006731,-0.005444,0.010316
6540000000,0.820985,-0.283030,9.784575,-0.010701,0.004022,-0.000941
6550000000,0.849926,-0.292563,9.680415,0.012087,0.000802,-0.002369
6560000000,0.801974,-0.358926,9.714263,-0.011426,-0.002014,0.014152
6570000000,0.912752,-0.337814,9.770561,0.007825,-0.001172,-0.007176
6580000000,0.827699,-0.309652,9.862808,0.005961,0.002020,0.002759
6590000000,0.843088,-0.309074,9.749238,-0.015342,-0.008337,-0.006579
6600000000,0.800172,-0.306970,9.762583,0.002752,-0.002707,0.002796
6610000000,0.876421,-0.373283,9.639772,-0.014265,0.014900,-0.000112
6620000000,0.838719,-0.361691,9.738067,0.006022,0.014479,-0.006061
6630000000,0.814966,-0.310078,9.702053,-0.013449,0.005924,0.007411
6640000000,0.858662,-0.235968,9.773903,-0.015310,-0.003480,-0.020077
6650000000,0.880964,-0.292407,9.776669,-0.026874,0.006270,0.002506
6660000000,0.836490,-0.343647,9.710889,-0.020012,-0.004087,-0.005848
6670000000,0.813082,-0.345491,9.825249,0.009320,-0.013253,0.006581
6680000000,0.866519,-0.320395,9.704491,0.007975,0.002810,0.011576
6690000000,0.874619,-0.347811,9.724174,0.011662,-0.007910,0.011402
6700000000,0.873049,-0.285715,9.725905,-0.004542,-0.014942,0.000908
6710000000,0.823691,-0.269917,9.766165,-0.008871,-0.001269,0.011088
6720000000,0.869896,-0.434687,9.866700,0.005832,0.003029,-0.011290
6730000000,0.868698,-0.398046,9.792448,-0.000654,0.016482,0.005960
6740000000,0.837587,-0.358394,9.716355,0.008824,-0.011735,0.009647
6750000000,0.866008,-0.352489,9.725643,-0.003331,0.006141,-0.014915
6760000000,0.827400,-0.312601,9.764096,0.014865,-0.001818,-0.004045
6770000000,0.881670,-0.355982,9.793379,-0.018328,-0.013953,-0.016014
6780000000,0.849645,-0.367557,9.672874,0.017949,0.007753,0.004183
6790000000,0.909264,-0.330149,9.765752,0.016514,0.005802,-0.007353
6800000000,0.903765,-0.315808,9.720209,0.001697,-0.018116,-0.016337
6810000000,0.875606,-0.380934,9.727575,-0.000920,-0.020407,-0.002994
6820000000,0.974805,-0.276712,9.727817,-0.006259,-0.014824,-0.004040
6830000000,0.940609,-0.325225,9.767789,-0.010291,-0.001535,-0.008180
6840000000,0.968076,-0.372833,9.783663,0.006669,0.009100,-0.008417
6850000000,0.858206,-0.404443,9.750776,0.007226,-0.003654,0.004652
6860000000,1.009780,-0.277597,9.704885,0.005017,-0.006600,-0.018097
6870000000,0.956817,-0.295379,9.841627,0.005084,-0.010341,-0.014014
6880000000,0.779879,-0.330865,9.819769,-0.002716,-0.005338,0.015400
6890000000,0.890622,-0.422803,9.779745,0.027960,0.020250,0.007210
6900000000,0.806383,-0.366964,9.742966,0.003944,-0.010587,-0.000130
6910000000,0.845842,-0.244444,9.724633,-0.009315,-0.008222,0.000274
6920000000,0.840121,-0.335040,9.834451,-0.003174,-0.006680,0.014532
6930000000,0.870421,-0.252217,9.783398,-0.012888,0.008348,0.012357
6940000000,0.839212,-0.248469,9.757066,-0.005478,-0.005367,-0.010963
6950000000,0.974415,-0.334944,9.761881,-0.010908,-0.003367,-0.009208
6960000000,0.792838,-0.350304,9.911381,0.014228,-0.013526,0.019618
6970000000,0.928950,-0.325568,9.784979,0.002629,0.009891,-0.008136
6980000000,0.891759,-0.369617,9.756029,-0.007540,-0.001760,0.012124
6990000000,0.849656,-0.294576,9.883682,0.009464,0.005520,-0.008642
7000000000,0.870208,-0.394983,9.774482,-0.003250,0.003630,0.009742
7010000000,0.904833,-0.313469,9.801362,0.007444,0.004619,0.001971
7020000000,0.846312,-0.305723,9.654082,-0.004904,0.022359,-0.002640
7030000000,0.788727,-0.337714,9.687357,0.007129,0.006667,-0.013462
7040000000,0.869185,-0.397279,9.769503,-0.001646,-0.000948,-0.009665
7050000000,0.860493,-0.364411,9.832291,-0.006617,0.007374,0.005419
7060000000,0.837436,-0.367779,9.830782,0.010281,0.018375,0.005311
7070000000,0.862608,-0.358955,9.733172,-0.008771,0.001413,-0.004222
7080000000,0.833958,-0.351982,9.820779,-0.000054,0.000829,0.012351
7090000000,0.883028,-0.277308,9.715745,0.001854,0.005167,0.000389
7100000000,0.857676,-0.348592,9.809666,-0.005328,-0.001720,0.003975
7110000000,0.816203,-0.296443,9.725728,-0.004672,0.000294,-0.001216
7120000000,0.891170,-0.376146,9.806568,-0.006207,0.026699,0.002108
7130000000,0.775793,-0.342521,9.840344,-0.000519,-0.003710,-0.009987
7140000000,0.776245,-0.453397,9.770953,0.018240,0.020531,0.003060
7150000000,0.888339,-0.304586,9.806648,-0.001094,0.002955,-0.005823
7160000000,0.929494,-0.487545,9.814092,0.007218,-0.007045,0.012635
7170000000,0.843961,-0.431810,9.829492,-0.009538,-0.005209,-0.029356
7180000000,0.807951,-0.362560,9.667377,-0.007286,-0.011826,0.001384
7190000000,0.825829,-0.449519,9.764839,-0.016683,-0.010482,0.003098
7200000000,0.859398,-0.382547,9.807477,0.003969,0.016999,0.010459
7210000000,0.872783,-0.363631,9.731671,-0.002297,0.002177,-0.010933
7220000000,0.882075,-0.292534,9.801530,0.014040,-0.008595,0.012818
7230000000,0.814305,-0.387211,9.796374,-0.000008,0.002470,0.013383
7240000000,0.852317,-0.249235,9.754634,0.014286,-0.004096,-0.025925
7250000000,0.794371,-0.359433,9.823469,-0.012801,-0.000298,-0.005786
7260000000,0.875980,-0.420535,9.770643,0.010381,0.003358,-0.003133
7270000000,0.861235,-0.426011,9.779536,-0.005865,-0.007518,-0.010861
7280000000,0.766371,-0.389511,9.828897,0.000538,-0.005582,0.027311
7290000000,0.864008,-0.296003,9.761383,0.005660,0.001220,0.009019
7300000000,0.810248,-0.406411,9.794605,-0.004123,-0.009016,0.012381
7310000000,0.876580,-0.322119,9.664231,-0.005512,-0.020260,-0.002050
7320000000,0.850327,-0.405549,9.779005,-0.007935,-0.010182,-0.008362
7330000000,0.846746,-0.295088,9.764180,0.001240,-0.009793,0.007597
7340000000,0.846087,-0.433406,9.789091,-0.013340,0.005972,0.000455
7350000000,0.882292,-0.294171,9.784971,0.003487,-0.014806,0.013569
7360000000,0.775677,-0.378304,9.787952,-0.008158,-0.006668,-0.017375
7370000000,0.839303,-0.387877,9.695101,0.000673,-0.017751,0.009064
7380000000,0.833532,-0.320826,9.706706,0.031221,0.009884,0.004516
7390000000,0.871737,-0.339300,9.721210,-0.008169,0.012371,0.017607
7400000000,0.860137,-0.330329,9.705278,-0.005767,0.026993,0.004900
7410000000,0.871071,-0.281220,9.783535,0.000102,-0.000748,-0.007361
7420000000,0.782823,-0.374513,9.740554,-0.012444,0.006788,-0.001212
7430000000,0.849161,-0.342355,9.651367,0.019676,-0.012858,0.001362
7440000000,0.854651,-0.344840,9.760779,0.002785,0.003271,-0.006469
7450000000,0.896746,-0.284664,9.778590,-0.028555,0.000695,-0.002746
7460000000,0.844897,-0.333724,9.781607,0.003793,-0.007781,0.013261
7470000000,0.803803,-0.343157,9.817163,-0.012944,0.009347,0.017110
7480000000,0.948931,-0.380608,9.830627,-0.000540,-0.009123,-0.014833
7490000000,0.804907,-0.342522,9.728446,0.011156,-0.024727,0.002272
7500000000,0.907863,-0.373527,9.775077,0.005545,0.003634,-0.007028
7510000000,0.942490,-0.343168,9.768584,-0.002760,0.001676,0.001480
7520000000,0.855219,-0.325221,9.847635,-0.007251,-0.001757,0.011316
7530000000,0.869343,-0.327546,9.888840,-0.008312,0.018269,0.011215
7540000000,0.880564,-0.272263,9.712544,0.013428,0.014209,0.016081
7550000000,0.834183,-0.284997,9.686672,0.002655,0.009460,0.011163
7560000000,0.937648,-0.302290,9.781087,0.001826,0.016521,-0.002985
7570000000,0.815357,-0.320516,9.802033,0.016413,0.006447,-0.005194
7580000000,0.921075,-0.299026,9.733603,-0.016953,0.000194,0.006303
7590000000,0.840135,-0.338046,9.745543,-0.014004,0.024756,-0.002499
7600000000,0.903920,-0.292222,9.774737,-0.011645,0.001074,-0.014145
7610000000,0.863034,-0.297374,9.693549,-0.010350,0.005619,-0.002385
7620000000,0.896801,-0.305024,9.739933,-0.011801,0.014776,-0.015733
7630000000,0.794324,-0.375386,9.806193,-0.004745,0.005371,-0.017238
7640000000,0.892492,-0.283540,9.789572,-0.001660,0.000559,0.000905
7650000000,0.946414,-0.360136,9.779171,-0.000307,0.029205,-0.001426
7660000000,0.783375,-0.286929,9.683175,0.010863,0.008800,-0.001287
7670000000,0.824459,-0.367133,9.729512,-0.012547,0.000417,0.002777
7680000000,0.874792,-0.383621,9.695051,0.004238,-0.008935,0.007220
7690000000,0.827857,-0.239597,9.800089,-0.001319,-0.000105,0.025261
7700000000,0.931071,-0.284497,9.750371,-0.010685,0.007506,-0.001550
7710000000,0.840974,-0.283366,9.751890,-0.004544,-0.001689,0.006337
7720000000,0.925513,-0.306268,9.712409,-0.006571,-0.010534,0.001768
7730000000,0.865616,-0.438733,9.805717,-0.011951,0.008464,-0.016118
7740000000,0.803667,-0.328209,9.816846,-0.012396,-0.018303,-0.003037
7750000000,0.889527,-0.377820,9.774879,0.002823,-0.024017,0.010703
7760000000,0.859827,-0.335962,9.754164,-0.002778,0.000595,0.003357
7770000000,0.838897,-0.310589,9.719793,-0.011829,0.000754,0.009348
7780000000,0.784822,-0.376411,9.746517,0.007416,0.020236,-0.005642
7790000000,0.814836,-0.398370,9.831979,0.016064,-0.022462,0.010170
7800000000,0.767753,-0.342156,9.815527,-0.010653,0.000871,0.013189
7810000000,0.858059,-0.321121,9.760643,0.014749,-0.015194,-0.010028
7820000000,0.906729,-0.357261,9.737194,0.008708,0.007111,-0.006332
7830000000,0.867977,-0.362848,9.668558,-0.010709,0.011848,0.005442
7840000000,0.946919,-0.285457,9.765543,-0.018760,-0.000150,-0.018705
7850000000,0.841256,-0.354525,9.787535,-0.023179,-0.009974,0.016064
7860000000,0.886903,-0.310331,9.693614,0.016733,-0.004563,0.007080
7870000000,0.908444,-0.349559,9.819032,0.014620,-0.004338,0.013003
7880000000,0.867633,-0.313237,9.679509,0.003159,-0.002094,0.008306
7890000000,0.861390,-0.372150,9.663235,0.014773,0.001618,0.002646
7900000000,0.781645,-0.295114,9.779035,-0.002861,0.008393,-0.001786
7910000000,0.845969,-0.321252,9.768552,-0.000128,-0.001808,0.028784
7920000000,0.815144,-0.373088,9.760056,0.004283,-0.019695,0.014332
7930000000,0.945130,-0.442535,9.825372,-0.005567,-0.002964,0.014913
7940000000,0.861399,-0.400891,9.865061,0.002749,0.006464,-0.020367
7950000000,0.856439,-0.334086,9.712397,-0.005519,-0.011440,0.006276
7960000000,0.795685,-0.402582,9.784393,-0.004031,0.008486,0.015267
7970000000,0.836336,-0.275308,9.647315,0.003757,0.012245,-0.010799
7980000000,0.778583,-0.273977,9.753806,-0.002351,0.003056,0.000083
7990000000,0.890829,-0.372092,9.772726,-0.015569,0.005206,-0.003892
8000000000,0.813115,-0.381560,9.777925,0.000120,-0.008472,-0.020822
8010000000,0.889879,-0.330114,9.771993,0.005336,0.008570,0.004552
8020000000,0.881687,-0.378429,9.613716,0.005374,0.010990,0.002628
8030000000,0.809857,-0.285965,9.741900,0.005518,0.001647,-0.000770
8040000000,0.855716,-0.256040,9.746163,-0.005617,-0.005903,0.008272
8050000000,0.851341,-0.376480,9.743845,0.006238,0.009852,0.015027
8060000000,0.884966,-0.283935,9.762385,0.012430,0.005676,-0.004946
8070000000,0.889362,-0.259066,9.697199,0.003386,-0.001704,-0.006198
8080000000,0.788328,-0.259256,9.750661,0.002101,-0.018144,-0.002469
8090000000,0.815183,-0.320549,9.783192,0.001483,0.021862,-0.000534
8100000000,0.842192,-0.369348,9.834621,0.003179,-0.010803,-0.001843
8110000000,0.934794,-0.283614,9.708921,-0.008075,0.007090,0.007746
8120000000,0.939656,-0.381685,9.693006,-0.003533,0.000524,-0.015120
8130000000,0.849837,-0.356801,9.696572,-0.010019,0.011939,-0.003058
8140000000,0.814141,-0.332702,9.749810,-0.000632,0.003147,0.006453
8150000000,0.819838,-0.410700,9.758874,-0.001742,-0.002255,-0.013470
8160000000,0.784117,-0.302039,9.805135,-0.004574,-0.009092,0.010464
8170000000,0.780036,-0.296517,9.707721,-0.016765,0.009046,-0.002446
8180000000,0.841987,-0.398192,9.781901,0.027115,0.016687,-0.000385
8190000000,0.832337,-0.445904,9.816553,-0.012024,-0.014117,0.002191
8200000000,0.830117,-0.327963,9.665843,-0.020016,-0.008003,0.004096
8210000000,0.869060,-0.313506,9.817561,0.015203,0.004990,-0.008040
8220000000,0.874812,-0.367462,9.769906,0.000686,-0.015476,0.017681
8230000000,0.875859,-0.336486,9.756543,-0.013833,0.011079,-0.003122
8240000000,0.773069,-0.354089,9.811591,-0.008382,0.007589,0.007233
8250000000,0.835061,-0.410820,9.700321,-0.005016,-0.019787,-0.008148
8260000000,0.881648,-0.322564,9.785798,-0.000886,0.000465,0.014361
8270000000,0.828021,-0.316739,9.787593,0.011556,-0.001726,-0.021923
8280000000,0.937530,-0.384367,9.688710,0.005300,0.017014,-0.006513
8290000000,0.876707,-0.411303,9.866191,-0.010604,0.025591,0.009323
8300000000,0.864475,-0.288483,9.731398,0.004939,0.002940,0.004353
8310000000,0.938691,-0.325758,9.808723,-0.012344,0.000962,-0.004313
8320000000,0.759547,-0.396976,9.716303,-0.013308,-0.004014,0.004793
8330000000,0.895760,-0.377539,9.812335,-0.004821,0.000932,-0.010401
8340000000,0.761612,-0.355331,9.746873,-0.002536,0.009706,-0.003013
8350000000,0.925818,-0.306013,9.855915,-0.007175,-0.002988,0.008204
8360000000,0.838044,-0.365139,9.716392,-0.011558,-0.000574,0.006703
8370000000,0.778317,-0.354741,9.750841,0.007660,-0.009434,0.003219
8380000000,0.823152,-0.378130,9.689128,-0.001848,-0.019475,0.011239
8390000000,0.902586,-0.489536,9.793055,0.021636,-0.001505,-0.016612
8400000000,0.939225,-0.359200,9.789301,-0.007877,-0.003151,-0.011357
8410000000,0.884809,-0.428832,9.723598,0.011784,0.011112,0.002423
8420000000,0.780727,-0.386638,9.760651,-0.001840,0.004845,-0.013956
8430000000,0.851386,-0.338273,9.715186,0.002360,0.005506,0.005958
8440000000,0.794886,-0.302214,9.812120,-0.018098,0.000855,0.022843
8450000000,0.891483,-0.295892,9.820302,-0.005426,0.014851,-0.008129
8460000000,0.888977,-0.254452,9.730941,0.009799,-0.005777,0.005043
8470000000,0.826222,-0.289980,9.718422,0.017117,0.018985,-0.018031
8480000000,0.906660,-0.310770,9.713079,0.016546,-0.000920,-0.006024
8490000000,0.784659,-0.429639,9.730033,0.000414,-0.010647,0.012578
8500000000,0.829307,-0.289464,9.888466,-0.001904,0.007522,-0.011464
8510000000,0.803158,-0.298739,9.728335,-0.014248,0.006396,0.003911
8520000000,0.865142,-0.323594,9.796553,0.011755,0.002470,0.012337
8530000000,0.853501,-0.368913,9.723343,-0.005238,0.000249,-0.000367
8540000000,0.883682,-0.267479,9.746804,0.005983,0.005562,-0.000128
8550000000,0.808059,-0.325709,9.768652,0.005640,0.017101,0.004449
8560000000,0.892775,-0.323241,9.803150,0.020674,-0.014267,0.009512
8570000000,0.868869,-0.338732,9.832422,-0.016766,0.016795,0.007952
8580000000,0.918437,-0.268179,9.791206,0.011160,0.014714,0.017109
8590000000,0.808390,-0.347007,9.727839,0.003615,-0.015104,0.004849
8600000000,0.888532,-0.240402,9.790275,0.009040,0.003930,0.005805
8610000000,0.870200,-0.455509,9.816626,0.010446,-0.012079,-0.009132
8620000000,0.841300,-0.398208,9.767034,0.000992,0.006518,0.027057
8630000000,0.896347,-0.365665,9.660432,0.002534,-0.015547,0.007536
8640000000,0.884950,-0.285032,9.823274,0.006459,-0.000030,-0.012448
8650000000,0.804066,-0.243190,9.777825,0.028313,0.002810,0.003517
8660000000,0.906299,-0.381035,9.715152,0.009342,-0.001893,0.003855
8670000000,0.845866,-0.281178,9.827498,0.005587,-0.011151,-0.002118
8680000000,0.888568,-0.344849,9.697543,0.026003,0.004885,-0.006396
8690000000,0.852866,-0.248802,9.773989,0.000988,0.000456,-0.010962
8700000000,0.834398,-0.298270,9.780678,0.008114,-0.007212,0.001448
8710000000,0.820477,-0.301875,9.827497,-0.018162,-0.006556,0.004569
8720000000,0.859468,-0.337924,9.845030,-0.010400,-0.001506,0.000891
8730000000,0.772398,-0.439840,9.660292,0.010074,0.009565,-0.003179
8740000000,0.896128,-0.299470,9.734159,0.002684,-0.007312,-0.006716
8750000000,0.840595,-0.342870,9.674526,0.000077,0.004339,-0.004025
8760000000,0.841068,-0.357242,9.875206,-0.004656,-0.013827,-0.004511
8770000000,0.837125,-0.329387,9.757646,0.003043,0.005473,-0.008126
8780000000,0.809710,-0.295421,9.760713,0.003092,0.005701,0.005426
8790000000,0.835691,-0.339346,9.812315,0.002496,0.013093,-0.005178
8800000000,0.791061,-0.343122,9.801709,-0.001684,0.000557,-0.012369
8810000000,0.767430,-0.328104,9.799884,-0.011614,0.011317,0.011617
8820000000,0.789790,-0.347165,9.728936,-0.007813,-0.013206,0.003917
8830000000,0.896846,-0.418325,9.756018,0.004831,-0.000504,-0.011652
8840000000,0.868077,-0.359035,9.799915,-0.007768,-0.003043,0.003093
8850000000,0.819678,-0.321595,9.720087,0.018359,-0.002430,-0.012438
8860000000,0.903740,-0.360525,9.775851,0.005807,-0.008505,0.010765
8870000000,0.800291,-0.392861,9.830875,-0.009514,0.005634,0.007359
8880000000,0.863612,-0.259586,9.829285,-0.006762,0.005050,0.008490
8890000000,0.884562,-0.378982,9.692042,0.000857,0.007848,-0.006272
8900000000,0.819018,-0.292647,9.758205,-0.000717,-0.024924,-0.002596
8910000000,0.878947,-0.329825,9.772843,0.006420,0.014273,0.006880
8920000000,0.737402,-0.254555,9.772838,-0.016045,0.003953,-0.000082
8930000000,0.836692,-0.352735,9.812172,0.012880,-0.008673,0.007518
8940000000,0.907711,-0.380429,9.624829,-0.001969,-0.002022,0.006054
8950000000,0.830096,-0.324802,9.743291,-0.008010,0.010121,-0.002802
8960000000,0.859236,-0.334653,9.750821,-0.000140,-0.009906,0.024106
8970000000,0.947067,-0.345504,9.700177,0.009991,-0.006159,0.001162
8980000000,0.842257,-0.279807,9.768991,-0.015475,0.004028,0.007883
8990000000,0.885062,-0.346112,9.797475,-0.002164,-0.013545,0.000220
9000000000,0.886552,-0.417817,9.763815,0.005726,0.012861,0.015114
9010000000,0.851631,-0.379151,9.797235,-0.010414,-0.004066,0.007991
9020000000,0.933394,-0.255560,9.696726,0.012641,-0.002741,0.002655
9030000000,0.833665,-0.364652,9.789303,-0.004636,0.025754,0.004535
9040000000,0.990679,-0.367354,9.718101,0.003550,-0.008447,-0.006014
9050000000,0.781398,-0.347158,9.722363,0.017357,-0.001904,-0.007506
9060000000,0.876517,-0.265552,9.779412,-0.009055,-0.002873,-0.015073
9070000000,0.807348,-0.290857,9.794849,0.002853,-0.015107,0.002742
9080000000,0.964088,-0.300134,9.686411,0.002265,-0.000496,-0.001915
9090000000,0.836335,-0.296955,9.766982,-0.004952,0.003040,-0.001899
9100000000,0.837570,-0.391045,9.716257,0.012418,0.026144,0.000083
9110000000,0.826598,-0.351243,9.833122,0.012678,-0.012849,-0.004186
9120000000,0.978299,-0.438171,9.779091,-0.003250,-0.008744,0.016423
9130000000,0.860646,-0.415123,9.785980,-0.008607,0.007418,-0.008002
9140000000,0.860759,-0.374351,9.806887,-0.002943,-0.012248,-0.004997
9150000000,0.792740,-0.427578,9.719819,0.011730,0.007152,-0.002772
9160000000,0.842450,-0.361457,9.801968,-0.004639,-0.000054,0.000128
9170000000,0.788093,-0.383789,9.698837,0.003311,-0.008497,0.019515
9180000000,0.891552,-0.281176,9.778777,0.009735,-0.000559,-0.011523
9190000000,0.726172,-0.295975,9.785593,-0.011898,-0.019101,-0.001494
9200000000,0.838671,-0.355684,9.716096,-0.001379,0.002531,0.005902
9210000000,0.866351,-0.255699,9.778875,0.005803,-0.005816,0.009413
9220000000,0.783505,-0.324054,9.753295,0.010794,-0.012342,-0.004954
9230000000,0.816244,-0.181995,9.820154,0.004334,-0.016852,0.012688
9240000000,0.907330,-0.380535,9.836274,-0.004500,-0.008287,0.008956
9250000000,0.921207,-0.290900,9.762958,-0.006108,0.000780,-0.017017
9260000000,0.911664,-0.320600,9.743523,-0.001830,-0.008019,0.010143
9270000000,0.881692,-0.347790,9.768947,-0.013726,0.006160,0.023375
9280000000,0.868366,-0.328531,9.713160,0.003686,-0.008496,-0.004777
9290000000,0.887205,-0.420695,9.817204,0.006331,-0.004408,-0.009688
9300000000,0.813652,-0.346461,9.851257,-0.011583,0.006236,0.011918
9310000000,0.851445,-0.308917,9.825962,0.006766,0.016613,0.001625
9320000000,0.900152,-0.277664,9.775307,-0.002849,-0.014509,0.001286
9330000000,0.811940,-0.267815,9.796217,-0.015023,0.009770,-0.008925
9340000000,0.873912,-0.341821,9.646233,0.013143,-0.001309,0.023278
9350000000,0.926235,-0.299858,9.729621,-0.016978,-0.004945,-0.002071
9360000000,0.855243,-0.284576,9.737407,0.017872,-0.003306,0.004116
9370000000,0.775661,-0.312043,9.793505,-0.003983,-0.011063,0.006060
9380000000,0.860221,-0.312369,9.742328,0.007471,0.006588,-0.007099
9390000000,0.879046,-0.346022,9.793742,-0.011460,0.000218,-0.013111
9400000000,0.914418,-0.337218,9.832192,-0.003376,0.006714,-0.010147
9410000000,0.864160,-0.319546,9.738330,-0.001770,-0.015454,0.003837
9420000000,0.843460,-0.338112,9.730930,0.003570,-0.009406,-0.002057
9430000000,0.911515,-0.382582,9.864400,0.000128,0.004504,0.016357
9440000000,0.780486,-0.396144,9.766619,0.013575,-0.005654,0.009457
9450000000,0.942328,-0.325575,9.793526,0.017336,-0.026512,-0.020626
9460000000,0.928733,-0.463067,9.775031,0.013989,-0.006592,0.005323
9470000000,0.840050,-0.347994,9.791285,-0.001727,0.001623,0.001796
9480000000,0.935546,-0.353978,9.751399,0.004408,-0.006075,-0.005966
9490000000,0.903485,-0.350913,9.713151,-0.003195,-0.003022,0.009991
9500000000,0.789102,-0.312293,9.744179,0.011871,-0.013570,0.006771
9510000000,0.821877,-0.410145,9.878277,-0.005665,0.003136,0.001123
9520000000,0.751079,-0.300613,9.826257,-0.010471,-0.006720,-0.000595
9530000000,0.822372,-0.323848,9.800148,-0.011357,-0.002382,0.003905
9540000000,0.869168,-0.355729,9.763845,0.009951,0.016861,-0.009346
9550000000,0.758330,-0.400380,9.785191,-0.004773,0.000465,-0.017768
9560000000,0.925419,-0.337256,9.745689,0.012662,-0.002919,-0.000529
9570000000,0.921794,-0.375995,9.742680,0.003834,0.009746,0.005881
9580000000,0.773256,-0.342994,9.728326,0.002385,-0.002375,0.001116
9590000000,0.849063,-0.403623,9.726043,-0.004731,-0.012064,0.003178
9600000000,0.854694,-0.382987,9.773300,-0.004452,0.004163,0.004263
9610000000,0.858917,-0.423921,9.777198,0.006922,0.008480,-0.016905
9620000000,0.839254,-0.264435,9.718250,-0.000082,-0.010102,-0.014231
9630000000,0.871314,-0.301894,9.733004,0.016748,0.001454,0.002933
9640000000,0.870012,-0.421887,9.788341,0.004279,-0.003397,0.017665
9650000000,0.800830,-0.252850,9.814372,-0.008935,-0.001329,-0.002337
9660000000,0.886333,-0.346971,9.762474,-0.010075,-0.021238,-0.020124
9670000000,0.942309,-0.276633,9.740643,-0.008687,-0.002560,0.002463
9680000000,0.879704,-0.448729,9.798073,0.003885,-0.001846,0.008462
9690000000,0.752672,-0.344266,9.829185,-0.001565,0.000414,0.002047
9700000000,0.863675,-0.322888,9.844280,-0.011198,-0.009783,0.015926
9710000000,0.967984,-0.346622,9.729040,-0.019749,-0.012938,-0.008496
9720000000,0.813317,-0.404193,9.779196,-0.007978,-0.000787,-0.008685
9730000000,0.923582,-0.305424,9.802726,-0.002391,-0.008950,-0.002291
9740000000,0.904785,-0.394840,9.766313,-0.016315,-0.000438,0.001852
9750000000,0.873689,-0.336351,9.699271,0.009941,0.008873,-0.000219
9760000000,0.878102,-0.336596,9.739118,-0.000818,-0.002844,0.000896
9770000000,0.963679,-0.373075,9.783634,0.004810,0.001397,0.014607
9780000000,0.881840,-0.374861,9.775404,-0.000866,-0.012635,-0.001917
9790000000,0.868047,-0.430592,9.732953,-0.001905,0.011564,0.017440
9800000000,0.816884,-0.239489,9.781547,-0.004455,0.002434,-0.007187
9810000000,0.894222,-0.397590,9.812321,-0.005057,-0.012440,-0.003216
9820000000,0.945228,-0.346593,9.742358,0.000934,0.000285,-0.015185
9830000000,0.860039,-0.390782,9.728459,-0.014005,-0.000298,0.016915
9840000000,0.840340,-0.320253,9.817128,0.009983,-0.008167,0.002729
9850000000,0.894363,-0.295455,9.766256,0.008297,0.005941,0.008377
9860000000,0.802442,-0.320773,9.694154,-0.001477,0.003437,-0.017695
9870000000,0.988819,-0.362018,9.878275,-0.014573,0.004743,-0.005565
9880000000,0.857643,-0.313255,9.777411,-0.009806,-0.003823,-0.008359
9890000000,0.895227,-0.360922,9.766941,-0.015858,0.001297,-0.014846
9900000000,0.795758,-0.336245,9.781569,0.005136,-0.005774,-0.003186
9910000000,0.861289,-0.332001,9.720899,0.002188,-0.006784,0.007874
9920000000,0.805330,-0.333851,9.823876,-0.007651,-0.014156,0.009504
9930000000,0.880752,-0.333318,9.729264,-0.009023,-0.005901,-0.006713
9940000000,0.837825,-0.296833,9.719358,-0.009311,-0.003508,0.025630
9950000000,0.875889,-0.321011,9.862376,-0.010172,-0.007172,0.006378
9960000000,0.815302,-0.391984,9.714961,-0.000333,0.010228,-0.012167
9970000000,0.787302,-0.331836,9.801631,-0.001532,0.004197,0.006214
9980000000,0.799549,-0.304530,9.651128,0.003785,-0.009252,0.017498
9990000000,0.858506,-0.391469,9.701804,-0.006958,0.005117,-0.007578
10000000000,0.870393,-0.411986,9.825922,-0.016438,0.004235,-0.006301
10010000000,0.817220,-0.386496,9.706290,-0.002338,-0.001691,-0.008100
10020000000,0.837608,-0.369337,9.727263,-0.004562,0.015573,-0.008955
10030000000,0.830054,-0.333959,9.774347,0.010832,0.001005,-0.014724
10040000000,0.795484,-0.359148,9.730581,0.009164,-0.018541,0.000522
10050000000,0.911947,-0.288843,9.721964,0.010238,-0.001589,0.001709
10060000000,0.856574,-0.280159,9.802868,0.013360,-0.009763,-0.003408
10070000000,0.869982,-0.359484,9.770127,0.016061,-0.009089,-0.007573
10080000000,0.873773,-0.273846,9.837270,0.008754,0.024426,0.004471
10090000000,0.854366,-0.409922,9.718718,-0.013369,-0.006355,-0.006184
10100000000,0.784844,-0.374783,9.794608,-0.004141,-0.000971,0.009804
10110000000,0.785110,-0.341938,9.729299,0.000842,0.015633,-0.006050
10120000000,0.865694,-0.379728,9.657505,-0.013471,0.006617,0.000790
10130000000,0.879784,-0.381871,9.856009,-0.016388,0.005233,0.007978
10140000000,0.918333,-0.291803,9.733247,-0.015328,0.010813,-0.004711
10150000000,0.752688,-0.346923,9.769385,-0.005339,-0.000615,0.004804
10160000000,0.819839,-0.403469,9.831254,-0.003372,-0.012449,0.001524
10170000000,0.919916,-0.360708,9.803893,0.000134,0.013016,0.004732
10180000000,0.879412,-0.393936,9.748612,-0.017422,0.001930,-0.012833
10190000000,0.754449,-0.339318,9.807575,0.010070,0.000398,0.018335
10200000000,0.818539,-0.235938,9.819363,-0.004613,-0.006389,-0.005612
10210000000,0.823739,-0.405075,9.759983,0.003597,0.017886,-0.012924
10220000000,0.814946,-0.395354,9.737877,-0.004668,-0.000182,-0.005950
10230000000,0.879605,-0.346084,9.842716,-0.012328,-0.011225,-0.001307
10240000000,0.842313,-0.380525,9.687301,0.016201,-0.003066,-0.007397
10250000000,0.872902,-0.324683,9.692005,-0.007829,-0.006480,-0.005720
10260000000,0.927756,-0.361658,9.821471,0.010117,0.003733,-0.014372
10270000000,0.824240,-0.346962,9.736341,-0.008313,0.006346,0.008029
10280000000,0.820520,-0.347628,9.749173,-0.016166,0.002296,-0.000472
10290000000,0.836989,-0.303514,9.779527,-0.004070,-0.002479,-0.005620
10300000000,0.820194,-0.338145,9.755896,-0.015423,0.011443,0.008523
10310000000,0.754001,-0.352590,9.769949,0.003694,0.002948,0.002258
10320000000,0.765515,-0.327003,9.836460,0.001028,0.000683,0.008253
10330000000,0.871988,-0.319732,9.790460,-0.005444,0.014022,-0.010638
10340000000,0.874840,-0.412386,9.775718,-0.005709,0.024194,0.010239
10350000000,0.874762,-0.305729,9.822439,0.008935,-0.003633,0.003776
10360000000,0.755016,-0.373433,9.811296,-0.000962,-0.004867,0.002946
10370000000,0.910941,-0.391857,9.764530,0.007909,0.018901,-0.003762
10380000000,0.823582,-0.255575,9.767150,-0.000206,0.000829,-0.005830
10390000000,0.870888,-0.346802,9.772902,-0.007802,0.022254,0.006226
10400000000,0.825799,-0.313406,9.879582,-0.009391,0.003275,0.001234
10410000000,0.807929,-0.434058,9.783406,-0.003915,0.001081,-0.002891
10420000000,0.851375,-0.382985,9.751546,-0.010363,0.010871,0.006727
10430000000,0.776813,-0.370336,9.758861,0.012209,0.004502,-0.000848
10440000000,0.728847,-0.275438,9.714019,0.006116,-0.015342,0.006275
10450000000,0.765448,-0.380025,9.771352,-0.019027,-0.005388,0.011913
10460000000,0.813554,-0.319036,9.739426,-0.000003,0.005030,0.009251
10470000000,0.923146,-0.332993,9.813570,-0.004711,-0.006805,-0.001876
10480000000,0.914281,-0.281652,9.773005,-0.002990,-0.008166,-0.004134
10490000000,0.830647,-0.365801,9.756521,-0.008020,0.003743,0.009822
10500000000,0.927586,-0.339865,9.768188,0.019332,0.003229,-0.007895
10510000000,0.960424,-0.318050,9.741675,0.020667,0.010044,-0.002792
10520000000,0.762340,-0.316287,9.849830,0.015072,0.006033,0.008160
10530000000,0.834748,-0.286496,9.742683,0.012026,0.005544,0.000939
10540000000,0.844698,-0.327809,9.657104,0.009901,-0.008112,0.003618
10550000000,0.791301,-0.392358,9.771331,-0.001995,-0.002332,-0.010331
10560000000,0.893225,-0.387727,9.805977,0.012270,-0.001768,-0.011025
10570000000,0.885748,-0.315282,9.720491,0.000471,0.003534,-0.016129
10580000000,0.791325,-0.338536,9.759675,0.015189,0.002104,0.006876
10590000000,0.778733,-0.401462,9.778672,0.003114,-0.011166,-0.014200
10600000000,0.885461,-0.308236,9.776594,0.010197,0.002773,-0.009356
10610000000,0.840655,-0.390811,9.799500,0.006612,-0.022038,0.013905
10620000000,0.934501,-0.291845,9.761293,0.002036,-0.000798,0.002873
10630000000,0.870576,-0.351682,9.762670,0.013762,0.003910,0.016780
10640000000,0.813250,-0.295563,9.663065,0.003197,-0.011294,0.005159
10650000000,0.809617,-0.381717,9.758204,-0.002020,-0.001652,0.009318
10660000000,0.846235,-0.361310,9.680748,-0.004035,0.009825,-0.000682
10670000000,0.882228,-0.356423,9.714067,0.004047,0.012105,-0.000006
10680000000,0.810694,-0.278612,9.706094,0.004848,-0.001991,0.005582
10690000000,0.818676,-0.363969,9.769060,-0.006275,0.017856,0.019950
10700000000,0.887296,-0.407495,9.702807,-0.008447,-0.000959,0.002464
10710000000,0.794441,-0.376673,9.758564,-0.023791,-0.025467,0.017213
10720000000,0.849734,-0.412829,9.783437,0.010351,0.003301,0.004075
10730000000,0.797232,-0.362858,9.843533,0.008727,-0.002881,-0.003185
10740000000,0.837525,-0.321433,9.730993,-0.013772,-0.015058,0.025566
10750000000,0.825745,-0.323404,9.837286,0.008865,0.015098,-0.004736
10760000000,0.853256,-0.381867,9.649586,0.015380,0.007689,-0.006305
10770000000,0.883054,-0.354630,9.775989,-0.010590,-0.003063,-0.016809
10780000000,0.937823,-0.314161,9.832426,-0.017761,-0.013092,-0.004239
10790000000,0.865484,-0.348016,9.774052,-0.004335,0.006909,-0.003714
10800000000,0.844928,-0.404977,9.727958,-0.001464,-0.011175,0.022327
10810000000,0.980407,-0.362841,9.828087,-0.015083,0.005872,-0.003921
10820000000,0.890285,-0.387880,9.764736,-0.002326,-0.007165,0.002502
10830000000,0.870382,-0.332119,9.744965,-0.000739,0.019250,-0.011029
10840000000,0.867078,-0.343116,9.747310,0.011599,0.038667,-0.007635
10850000000,0.898548,-0.377253,9.843337,0.005172,0.013951,-0.002576
10860000000,0.834480,-0.327968,9.665838,-0.003606,0.026551,-0.004473
10870000000,0.822479,-0.399711,9.801981,-0.005807,0.013843,0.000090
10880000000,0.828565,-0.319483,9.747264,0.007089,0.004819,-0.017729
10890000000,0.780811,-0.336161,9.836561,0.001068,-0.001317,-0.002743
10900000000,0.858985,-0.426394,9.713847,0.008881,-0.008924,-0.015639
10910000000,0.799616,-0.335159,9.762087,-0.002436,-0.013008,-0.001265
10920000000,0.807861,-0.340489,9.793533,-0.027640,-0.005114,0.008930
10930000000,0.837738,-0.436577,9.810316,-0.007589,-0.010121,0.001939
10940000000,0.847379,-0.272340,9.850482,0.002378,0.001534,-0.016009
10950000000,0.845746,-0.359672,9.697919,-0.008864,0.009253,0.010029
10960000000,0.870612,-0.373421,9.778323,0.016723,-0.000422,0.002231
10970000000,0.838910,-0.329462,9.748546,-0.017733,-0.000763,0.006443
10980000000,0.924458,-0.318958,9.758920,-0.010012,0.000010,0.004444
10990000000,0.790915,-0.388174,9.743834,0.004695,0.002469,-0.015274
11000000000,0.941090,-0.329657,9.788162,0.005276,-0.017703,0.000933
11010000000,0.800578,-0.361075,9.797790,0.000287,0.005582,-0.040041
11020000000,0.814184,-0.302171,9.755635,0.008431,0.006147,0.017850
11030000000,0.851159,-0.353298,9.697642,-0.010704,0.002720,-0.000623
11040000000,0.835963,-0.392918,9.677906,0.001938,0.011347,-0.002676
11050000000,0.941474,-0.345913,9.804113,-0.009027,-0.009273,0.007826
11060000000,0.847123,-0.287669,9.810316,0.002064,0.002357,-0.000069
11070000000,0.862640,-0.374843,9.797650,-0.008315,-0.003208,-0.005700
11080000000,0.922336,-0.331019,9.854157,0.003339,-0.004618,-0.009317
11090000000,0.956567,-0.318567,9.797637,0.000695,0.003307,-0.000064
11100000000,0.897774,-0.362756,9.745637,-0.006046,-0.010243,0.006251
11110000000,0.797565,-0.356130,9.790243,-0.003594,0.000766,0.004537
11120000000,0.855592,-0.394239,9.702180,0.000166,0.006090,0.020639
11130000000,0.915382,-0.370396,9.776976,-0.003148,-0.021660,0.006600
11140000000,0.906548,-0.395576,9.785022,-0.016091,-0.001304,0.001788
11150000000,0.803004,-0.301982,9.804051,-0.001731,-0.016960,-0.004105
11160000000,0.828102,-0.333750,9.716553,0.002556,0.001876,-0.011768
11170000000,0.852413,-0.208657,9.771753,0.003042,-0.014110,-0.013384
11180000000,0.869253,-0.280473,9.794217,-0.007254,-0.024945,-0.000175
11190000000,0.921555,-0.319132,9.733852,-0.015708,-0.013427,0.000886
11200000000,0.905071,-0.287740,9.801274,-0.000830,0.004136,0.007370
11210000000,0.887878,-0.315133,9.755292,-0.010848,0.010290,0.001723
11220000000,0.917253,-0.323189,9.800855,-0.007023,-0.023672,-0.014511
11230000000,0.894200,-0.273419,9.817060,0.001717,-0.015052,-0.015542
11240000000,0.841473,-0.360427,9.817823,-0.004954,0.003694,0.009472
11250000000,0.772684,-0.319304,9.827028,-0.001104,0.006967,0.003511
11260000000,0.810814,-0.373620,9.796067,-0.005058,0.009317,0.000385
11270000000,0.836907,-0.341035,9.763790,-0.011771,0.013743,0.002640
11280000000,0.813520,-0.375892,9.815687,-0.000279,0.017282,-0.004891
11290000000,0.889731,-0.325109,9.780862,0.006089,0.009159,-0.001662
11300000000,0.781493,-0.366442,9.812789,0.001358,-0.025271,-0.003525
11310000000,0.919272,-0.342231,9.736630,0.028150,0.003340,-0.025440
11320000000,0.801792,-0.376890,9.754553,-0.001917,-0.007986,-0.014869
11330000000,0.873281,-0.322648,9.768420,0.015155,0.012382,0.010481
11340000000,0.739137,-0.334184,9.808441,-0.012839,0.027521,-0.003263
11350000000,0.757371,-0.310599,9.745101,-0.009268,0.009767,0.007414
11360000000,0.858925,-0.349274,9.749743,-0.017269,0.015540,-0.015607
11370000000,0.806963,-0.244223,9.782888,0.012812,0.015446,0.005860
11380000000,0.900437,-0.310740,9.879783,-0.010942,-0.010509,0.006610
11390000000,0.780555,-0.225431,9.743783,0.006070,-0.020906,-0.008836
11400000000,0.816155,-0.366617,9.829329,-0.000794,-0.000050,0.001653
11410000000,0.855491,-0.423695,9.777756,0.006558,0.003971,0.016846
11420000000,0.910982,-0.307313,9.668485,-0.018195,-0.005525,0.005676
11430000000,0.849356,-0.309079,9.734324,-0.008761,-0.007570,-0.009618
11440000000,0.840504,-0.351743,9.704944,-0.004805,0.006577,0.000528
11450000000,0.816348,-0.395168,9.738783,-0.013083,-0.007686,0.001114
11460000000,0.873299,-0.283921,9.789087,-0.013146,0.001879,-0.005128
11470000000,0.818071,-0.326116,9.687881,-0.013553,0.001920,-0.003472
11480000000,0.798917,-0.299992,9.738743,-0.013831,-0.002550,-0.005934
11490000000,0.852433,-0.415942,9.773629,0.010523,-0.007285,0.017568
11500000000,0.820204,-0.430469,9.788654,0.003670,-0.001389,-0.004748
11510000000,0.847488,-0.355082,9.726324,-0.016916,0.007552,-0.003397
11520000000,0.911366,-0.393857,9.808319,-0.003427,-0.013397,-0.014350
11530000000,0.869853,-0.323229,9.818379,-0.000045,0.002595,-0.010443
11540000000,0.821876,-0.357658,9.805461,0.003273,-0.007048,-0.000973
11550000000,0.886671,-0.381821,9.865040,0.005189,-0.002248,-0.016723
11560000000,0.881097,-0.294371,9.761819,0.009374,0.000099,0.003154
11570000000,0.942228,-0.350374,9.737411,-0.009229,0.002959,-0.012180
11580000000,0.798460,-0.366220,9.829535,0.006976,0.003050,-0.009440
11590000000,0.793184,-0.237776,9.841882,-0.023303,-0.003116,-0.001383
11600000000,0.816707,-0.299063,9.745398,0.007290,-0.012031,0.004063
11610000000,0.896821,-0.310331,9.705619,-0.002689,-0.006150,0.018573
11620000000,0.899695,-0.349903,9.745746,0.009767,0.001049,0.014830
11630000000,0.894285,-0.382095,9.792768,-0.007183,0.016937,-0.005217
11640000000,0.802027,-0.382354,9.816897,0.016666,-0.001668,0.005545
11650000000,0.858657,-0.335727,9.790797,0.009905,-0.010249,0.006973
11660000000,0.819076,-0.329618,9.727086,0.003911,-0.024662,-0.001781
11670000000,0.896852,-0.428113,9.872348,-0.003540,-0.007477,0.005526
11680000000,0.805908,-0.341142,9.762932,-0.006829,0.007215,-0.005130
11690000000,0.941196,-0.332044,9.778461,-0.017028,0.017980,-0.018597
11700000000,0.867385,-0.302805,9.799459,0.002697,0.003104,-0.004859
11710000000,0.809821,-0.332780,9.812880,0.001543,-0.005291,0.004436
11720000000,0.796202,-0.360006,9.813040,-0.012299,0.002473,-0.016377
11730000000,0.870485,-0.323726,9.867426,0.003015,0.000486,-0.005100
11740000000,0.883765,-0.286767,9.718973,0.014780,0.000304,-0.000467
11750000000,0.911486,-0.342248,9.769575,-0.016852,-0.004034,-0.006199
11760000000,0.866711,-0.325300,9.779278,0.038090,-0.000076,0.003801
11770000000,0.923214,-0.286240,9.699305,-0.011605,0.001743,0.006488
11780000000,0.925630,-0.375437,9.809859,-0.025417,-0.001893,-0.000804
11790000000,0.757738,-0.312073,9.757148,0.007849,0.002729,-0.012288
11800000000,0.796090,-0.371546,9.731766,-0.001553,0.001158,-0.004791
11810000000,0.864919,-0.277089,9.783127,0.010730,0.004836,0.005273
11820000000,0.783215,-0.315203,9.834104,0.006859,0.009340,-0.013590
11830000000,0.831849,-0.393449,9.829899,0.009043,-0.004802,0.011119
11840000000,0.942656,-0.254286,9.796603,0.001820,0.012821,-0.003101
11850000000,0.841083,-0.464076,9.775547,0.012138,-0.009081,-0.005420
11860000000,0.858557,-0.350791,9.765450,0.000287,0.007706,-0.012817
11870000000,0.774517,-0.335736,9.850710,-0.020703,-0.011501,0.004524
11880000000,0.867310,-0.324775,9.673536,0.012264,-0.001437,0.005458
11890000000,0.826386,-0.367205,9.721964,-0.013443,0.007890,0.001725
11900000000,0.919093,-0.340404,9.699093,0.012724,-0.010392,0.004329
11910000000,0.887119,-0.321832,9.796082,0.003276,-0.005795,-0.018450
11920000000,0.824113,-0.332874,9.785705,0.006513,0.002407,-0.011077
11930000000,0.812037,-0.338613,9.781603,0.018431,-0.003832,0.011312
11940000000,0.792134,-0.344772,9.800334,0.000513,-0.000372,-0.004937
11950000000,0.900469,-0.382667,9.786698,-0.011410,0.006951,0.005272
11960000000,0.810997,-0.385534,9.776514,0.013992,0.012655,-0.011836
11970000000,0.840194,-0.336012,9.673579,-0.011042,-0.010425,0.014578
11980000000,0.801855,-0.336310,9.693542,0.022339,-0.014397,0.009024
11990000000,0.837363,-0.393505,9.736709,-0.007199,0.001257,-0.000304
12000000000,0.812418,-0.353708,9.758435,-0.006031,0.001293,0.000074
12010000000,0.885157,-0.295076,9.695549,0.017638,0.001416,0.015688
12020000000,0.923454,-0.285344,9.724360,0.012078,0.006876,-0.004493
12030000000,0.890091,-0.343283,9.744391,0.004711,0.009852,0.026463
12040000000,0.774407,-0.279070,9.802621,-0.008268,-0.013152,0.006703
12050000000,0.886461,-0.399157,9.679973,0.011361,0.004689,-0.026701
12060000000,0.835641,-0.354938,9.797591,-0.005126,0.003401,-0.005192
12070000000,0.822838,-0.349239,9.666402,-0.009489,0.014622,-0.008784
12080000000,0.898388,-0.289229,9.835670,0.005482,-0.003900,0.009368
12090000000,0.928367,-0.329689,9.770345,0.009001,0.006605,0.005219
12100000000,0.877333,-0.296465,9.804248,0.015005,-0.013423,-0.015259
12110000000,0.820485,-0.285581,9.877599,-0.005601,-0.001381,0.003072
12120000000,0.851284,-0.281394,9.759588,-0.019386,-0.010633,0.000350
12130000000,0.882427,-0.311818,9.772467,-0.008572,-0.010092,-0.014094
12140000000,0.754322,-0.266531,9.761735,-0.002781,0.000357,0.002965
12150000000,0.834202,-0.347408,9.725028,-0.003929,0.019298,0.000893
12160000000,0.836697,-0.348725,9.743814,-0.016071,0.006298,0.000456
12170000000,0.898598,-0.235376,9.721428,-0.012620,0.005799,0.006934
12180000000,0.813549,-0.300779,9.805938,0.005665,-0.003713,-0.004595
12190000000,0.894457,-0.372662,9.773114,0.008991,-0.003672,0.003074
12200000000,0.913500,-0.370333,9.704659,-0.004728,0.004897,-0.016825
12210000000,0.826575,-0.237743,9.803328,-0.016812,-0.000138,0.002410
12220000000,0.854283,-0.395144,9.753579,0.015272,0.006350,0.018197
12230000000,0.976900,-0.350236,9.823094,-0.019639,0.012128,0.001491
12240000000,0.819953,-0.308933,9.699533,-0.007620,0.001479,-0.004507
12250000000,0.894132,-0.321666,9.664818,-0.004594,0.012620,0.008425
12260000000,0.775988,-0.375659,9.852776,-0.007637,0.009094,-0.004178
12270000000,0.846223,-0.332076,9.821068,-0.009923,0.009163,0.006345
12280000000,0.756830,-0.354195,9.723641,-0.015800,0.006262,0.004943
12290000000,0.880064,-0.331426,9.614038,0.009760,-0.011779,-0.000456
12300000000,0.969612,-0.312076,9.728579,-0.007658,-0.003910,0.003689
12310000000,0.867732,-0.232247,9.724854,-0.001889,-0.010068,-0.015889
12320000000,0.820976,-0.315502,9.808794,0.002777,-0.024266,0.004450
12330000000,0.912671,-0.347484,9.722472,0.011281,-0.010386,0.007025
12340000000,0.844638,-0.341170,9.780277,-0.013486,-0.028554,-0.000807
12350000000,0.820704,-0.242109,9.710641,0.005170,-0.000085,-0.017760
12360000000,0.877224,-0.329514,9.850959,-0.003779,0.005155,0.021477
12370000000,0.835478,-0.262843,9.774405,-0.008510,-0.005487,0.013499
12380000000,0.932960,-0.314903,9.892413,-0.017982,0.004827,0.004585
12390000000,0.815326,-0.355527,9.756879,0.006761,-0.006134,-0.002926
12400000000,0.810829,-0.309734,9.821219,-0.010510,-0.007426,0.004078
12410000000,0.857775,-0.349465,9.771699,-0.000701,-0.026553,0.004913
12420000000,0.880383,-0.402487,9.848124,-0.009328,0.002125,0.001328
12430000000,0.789991,-0.373046,9.739146,-0.013838,-0.012043,0.007461
12440000000,0.776702,-0.361217,9.729516,0.007019,0.004041,0.013858
12450000000,0.810706,-0.399889,9.776495,0.001908,0.005676,-0.009674
12460000000,0.826381,-0.374209,9.733627,0.004843,0.006552,0.004899
12470000000,0.862581,-0.283937,9.640046,0.009282,0.010151,0.006157
12480000000,0.855480,-0.364351,9.777939,-0.019238,0.000544,-0.019791
12490000000,0.801235,-0.346742,9.751081,-0.000299,0.005443,0.005203
12500000000,0.910062,-0.265959,9.731280,-0.009622,-0.009485,0.002358
12510000000,0.812461,-0.313165,9.788591,0.006522,-0.023669,-0.009575
12520000000,0.868892,-0.347192,9.818216,0.015552,-0.013502,-0.002218
12530000000,0.857263,-0.399127,9.817821,0.013524,-0.007655,-0.001898
12540000000,0.732644,-0.378151,9.772603,0.025414,-0.028603,-0.003316
12550000000,0.962900,-0.373678,9.728662,-0.005871,-0.005683,0.003234
12560000000,0.863277,-0.418130,9.780968,-0.006368,0.005336,0.000336
12570000000,0.782863,-0.329924,9.690283,0.020769,0.001700,0.017965
12580000000,0.811857,-0.429556,9.822821,0.024501,0.009508,0.014536
12590000000,0.870096,-0.369193,9.786839,-0.016025,0.004162,0.032538
12600000000,0.836852,-0.315229,9.813402,-0.018862,-0.012599,0.006190
12610000000,0.828310,-0.375214,9.860923,0.013137,0.006275,-0.001742
12620000000,0.867544,-0.433246,9.712630,0.010154,0.003252,0.004024
12630000000,0.901717,-0.416904,9.737888,0.008607,0.003346,-0.007934
12640000000,0.833801,-0.458697,9.782557,-0.015061,-0.011649,0.018478
12650000000,0.848663,-0.446146,9.739482,0.004245,-0.004435,0.006822
12660000000,0.815271,-0.306976,9.730635,-0.009637,0.002762,-0.008644
12670000000,0.842928,-0.406732,9.716696,-0.005555,-0.009414,-0.004517
12680000000,0.838964,-0.416225,9.630450,-0.015134,-0.006972,-0.005475
12690000000,0.839900,-0.338615,9.733437,0.007178,-0.000880,0.000183
12700000000,0.854332,-0.303388,9.820686,-0.000176,-0.001165,0.010744
12710000000,0.861357,-0.315250,9.789560,-0.007619,-0.013226,-0.010950
12720000000,0.865582,-0.410540,9.802272,-0.008463,0.004857,0.003265
12730000000,0.826204,-0.343612,9.780105,0.008052,-0.014466,-0.002275
12740000000,0.896992,-0.236655,9.712856,-0.002793,0.003064,0.006886
12750000000,0.786128,-0.383658,9.741512,-0.006584,0.010336,-0.008656
12760000000,0.877148,-0.303692,9.705581,0.004295,-0.007837,0.010029
12770000000,0.870275,-0.264417,9.714078,0.011164,0.006844,0.001580
12780000000,0.778605,-0.446481,9.717002,-0.006345,0.010723,0.021898
12790000000,0.798246,-0.311925,9.790724,0.001533,0.001003,0.014590
12800000000,0.901248,-0.356378,9.734791,-0.006231,-0.002316,0.007970
12810000000,0.842742,-0.371187,9.857656,-0.005148,-0.009685,-0.013938
12820000000,0.887812,-0.354778,9.712606,-0.003467,-0.005536,0.006733
12830000000,0.894133,-0.348364,9.718385,0.001967,-0.003319,-0.012778
12840000000,0.927674,-0.326740,9.753557,-0.005415,0.004420,-0.010660
12850000000,0.883657,-0.361394,9.809336,0.002398,0.007765,0.000148
12860000000,0.834627,-0.318434,9.700579,0.000306,0.003158,0.007618
12870000000,0.853568,-0.273365,9.793696,0.011657,0.000483,0.005445
12880000000,0.818380,-0.315311,9.679430,-0.008238,0.003929,0.002132
12890000000,0.973282,-0.314505,9.792906,-0.007092,0.011262,-0.019562
12900000000,0.883272,-0.344608,9.824392,0.000244,-0.005393,-0.000892
12910000000,0.889764,-0.329576,9.790869,-0.010228,-0.010651,0.003265
12920000000,0.850174,-0.368364,9.724823,-0.015698,0.016303,0.003515
12930000000,0.859757,-0.339725,9.845531,-0.002073,0.007728,0.008902
12940000000,0.810607,-0.340063,9.705960,0.014207,0.001540,-0.003002
12950000000,0.825912,-0.330155,9.747436,-0.002735,0.011038,0.019474
12960000000,0.798780,-0.323459,9.795578,-0.011400,0.007276,-0.002410
12970000000,1.007935,-0.340629,9.758113,-0.008091,-0.015909,0.014396
12980000000,0.797695,-0.352055,9.788409,0.008348,0.004684,0.010080
12990000000,0.899880,-0.415953,9.737761,-0.005208,0.008500,-0.002158
13000000000,0.809143,-0.358891,9.743043,0.015972,0.001766,0.007650
13010000000,0.837112,-0.329639,9.865890,-0.009572,0.005084,0.001682
13020000000,0.799448,-0.425955,9.826449,0.000149,0.006605,-0.003068
13030000000,0.821196,-0.269916,9.804984,-0.004204,0.005536,-0.000870
13040000000,0.833684,-0.346029,9.786536,0.004027,-0.006147,0.008612
13050000000,0.845256,-0.292721,9.677695,0.004375,-0.012244,-0.006473
13060000000,0.872164,-0.382820,9.803663,-0.004197,0.006834,0.000951
13070000000,0.810138,-0.322996,9.746444,0.012451,0.014135,-0.004400
13080000000,0.834986,-0.289188,9.791698,0.008848,-0.002975,0.006062
13090000000,0.813254,-0.376831,9.724688,0.004295,-0.006020,-0.021742
13100000000,0.830608,-0.315744,9.720146,0.010219,0.008035,-0.001492
13110000000,0.879817,-0.355805,9.743787,-0.009496,-0.016629,-0.010775
13120000000,0.880447,-0.367068,9.881196,0.012236,-0.003604,0.008986
13130000000,0.823649,-0.300050,9.817329,0.006596,-0.005764,0.005752
13140000000,0.778485,-0.356463,9.823664,-0.001470,-0.000645,0.007450
13150000000,0.816040,-0.394272,9.740650,-0.018956,0.002083,0.003157
13160000000,0.813821,-0.283461,9.789209,-0.003848,-0.005268,-0.008915
13170000000,0.864338,-0.389890,9.739602,-0.017741,-0.008593,0.006693
13180000000,0.852944,-0.319252,9.876699,-0.009201,-0.014204,0.004343
13190000000,0.916082,-0.312795,9.764632,-0.001349,0.009195,-0.015707
13200000000,0.775698,-0.366439,9.738206,0.014524,-0.007143,-0.009194
13210000000,0.844034,-0.430309,9.762611,-0.016663,-0.002183,0.017545
13220000000,0.801967,-0.361192,9.866442,-0.003005,-0.007229,0.012858
13230000000,0.823386,-0.313266,9.793981,0.015783,0.005353,0.001253
13240000000,0.833231,-0.353111,9.840384,-0.010617,-0.018409,-0.000444
13250000000,0.861577,-0.269461,9.674374,-0.010624,0.002977,-0.009419
13260000000,0.907266,-0.359495,9.758921,0.015321,0.015272,-0.005334
13270000000,0.864642,-0.386919,9.782185,0.011540,0.001831,-0.006399
13280000000,0.918976,-0.253046,9.878290,0.004585,0.000646,-0.003938
13290000000,0.879461,-0.299141,9.799625,0.005021,-0.002856,-0.034561
13300000000,0.950251,-0.331916,9.747644,-0.009812,0.018416,0.014070
13310000000,0.776742,-0.432756,9.764850,0.005473,0.007275,-0.001923
13320000000,0.877218,-0.302697,9.788097,0.003972,-0.001795,0.000482
13330000000,0.822273,-0.339229,9.678002,0.011987,-0.003080,-0.001884
13340000000,0.886669,-0.372305,9.798361,0.004230,-0.006167,-0.011610
13350000000,0.928144,-0.372124,9.790416,-0.019999,0.006414,-0.001691
13360000000,0.800296,-0.391124,9.676085,0.005181,-0.012651,-0.008649
13370000000,0.819356,-0.303513,9.792518,-0.017820,-0.006744,-0.000935
13380000000,0.923329,-0.320505,9.815855,0.004651,-0.010049,-0.003282
13390000000,0.832141,-0.316796,9.834846,-0.004562,-0.003851,0.002198
13400000000,0.855998,-0.319470,9.749493,-0.008037,-0.000437,0.005256
13410000000,0.935158,-0.392705,9.755850,-0.006858,0.006773,0.003937
13420000000,0.887407,-0.297426,9.798801,0.000834,0.016993,0.009333
13430000000,0.879585,-0.315227,9.696307,-0.021485,-0.004998,-0.007827
13440000000,0.878014,-0.377559,9.857775,0.003549,-0.008184,-0.011933
13450000000,0.897306,-0.295025,9.774325,0.007746,0.004442,0.011589
13460000000,0.775842,-0.392631,9.699781,0.007095,-0.008860,-0.003985
13470000000,0.869680,-0.304303,9.647234,0.000022,-0.008810,0.006636
13480000000,0.938513,-0.369753,9.761559,0.002471,0.008748,-0.000254
13490000000,0.814391,-0.475803,9.785738,-0.007036,0.023780,-0.003439
13500000000,0.857333,-0.426329,9.718031,0.002083,0.016208,-0.003911
13510000000,0.927784,-0.367982,9.649471,0.010645,-0.017230,-0.020136
13520000000,0.888920,-0.311081,9.710600,0.006846,-0.002360,0.005107
13530000000,0.928264,-0.344856,9.770193,-0.005278,0.000620,0.007942
13540000000,0.887262,-0.360658,9.719423,-0.003705,0.002438,-0.000044
13550000000,0.844650,-0.337069,9.834807,0.002639,-0.009141,0.008646
13560000000,0.847999,-0.351381,9.796791,0.011692,0.007758,-0.005064
13570000000,0.808684,-0.319220,9.827438,0.001372,-0.008719,0.005472
13580000000,0.875951,-0.358433,9.714849,-0.014102,0.015465,-0.004538
13590000000,0.738803,-0.400113,9.737565,0.017109,-0.000903,-0.006103
13600000000,0.852792,-0.278072,9.813673,-0.014321,0.001069,-0.028823
13610000000,0.826710,-0.388342,9.799980,-0.001158,-0.012735,0.004400
13620000000,0.812593,-0.428229,9.786021,-0.008588,0.011382,0.000301
13630000000,0.844546,-0.376771,9.731575,-0.003264,-0.009475,-0.004013
13640000000,0.813264,-0.399570,9.759235,0.013086,-0.007282,-0.009449
13650000000,0.914494,-0.323084,9.788771,0.018613,0.008186,0.000723
13660000000,0.817098,-0.353228,9.770827,-0.008113,-0.014133,-0.006981
13670000000,0.845878,-0.292506,9.849985,-0.002598,0.010996,0.002409
13680000000,0.844076,-0.367341,9.771205,0.004766,-0.004811,-0.007297
13690000000,0.865020,-0.375598,9.813598,-0.017836,-0.011037,0.000414
13700000000,0.773474,-0.386958,9.854145,-0.002420,0.021372,0.008622
13710000000,0.810563,-0.418991,9.819068,0.004728,0.007493,-0.004788
13720000000,0.867492,-0.333055,9.775601,-0.005412,0.009927,-0.014707
13730000000,0.864200,-0.370365,9.851787,0.009265,0.013869,0.004131
13740000000,0.910453,-0.274528,9.739159,-0.005895,-0.022336,0.011226
13750000000,0.818755,-0.286205,9.771954,0.005121,-0.007676,0.012332
13760000000,0.857875,-0.425391,9.756892,0.011150,-0.002207,0.011123
13770000000,0.815788,-0.302178,9.769173,-0.009678,0.004280,0.005039
13780000000,0.857159,-0.370270,9.780734,0.000425,0.009668,0.013300
13790000000,0.861446,-0.367135,9.779398,0.012777,-0.025398,0.006646
13800000000,0.825241,-0.293801,9.828551,0.001674,0.007047,0.013348
13810000000,0.960257,-0.278939,9.746531,-0.011267,-0.015254,-0.001135
13820000000,0.767707,-0.329273,9.688866,-0.003639,-0.004834,0.002267
13830000000,0.903822,-0.297409,9.784244,-0.005161,0.002760,0.015361
13840000000,0.865250,-0.356158,9.771414,0.008255,-0.001565,0.021916
13850000000,0.858235,-0.262242,9.727696,0.009443,-0.013284,0.007493
13860000000,0.825984,-0.287280,9.766626,-0.021217,0.003262,-0.001831
13870000000,0.814760,-0.363127,9.678765,-0.020080,-0.000758,-0.010855
13880000000,0.726432,-0.332689,9.713525,0.007862,-0.009879,-0.014531
13890000000,0.886020,-0.411943,9.790212,-0.003769,0.014342,-0.023646
13900000000,0.884948,-0.396456,9.722186,-0.003042,0.005902,0.020962
13910000000,0.908802,-0.327247,9.747688,-0.003202,-0.004012,0.003207
13920000000,0.892318,-0.403491,9.755589,0.001392,0.000195,-0.002972
13930000000,0.857009,-0.352066,9.829857,0.011660,-0.016860,0.007544
13940000000,0.790453,-0.342100,9.716287,-0.012981,0.006744,-0.002356
13950000000,0.848606,-0.362311,9.820238,0.007360,0.010081,-0.018995
13960000000,0.809010,-0.370074,9.717420,-0.015557,0.018725,-0.002007
13970000000,0.807403,-0.315973,9.853457,0.012072,-0.008491,-0.003724
13980000000,0.856407,-0.355054,9.799829,0.000056,-0.030682,-0.003809
13990000000,0.804991,-0.294576,9.775069,0.016006,0.014479,-0.007703
14000000000,0.837509,-0.387953,9.712296,-0.024272,-0.001590,0.005256
14010000000,0.907346,-0.335532,9.717827,0.006816,0.027160,0.013045
14020000000,0.896696,-0.307811,9.801075,0.004117,0.005511,0.002991
14030000000,0.883772,-0.365234,9.705591,-0.004930,-0.002710,0.005470
14040000000,0.869339,-0.450931,9.709103,-0.007413,0.000982,0.001510
14050000000,0.832255,-0.335813,9.751507,0.003838,0.001631,-0.003201
14060000000,0.846017,-0.367696,9.857677,-0.000223,-0.005450,-0.008065
14070000000,0.914024,-0.323061,9.775340,-0.010874,-0.010901,-0.007648
14080000000,0.931408,-0.289511,9.746320,0.019120,0.006687,0.012117
14090000000,0.962453,-0.314620,9.735963,-0.000040,-0.017315,-0.008334
14100000000,0.696979,-0.430714,9.743945,-0.002693,0.003672,-0.005839
14110000000,0.928519,-0.313409,9.691202,0.000323,0.000675,-0.012617
14120000000,0.816682,-0.293507,9.732236,0.006572,0.000713,-0.008520
14130000000,0.829644,-0.284538,9.788260,0.000526,0.008795,0.010509
14140000000,0.837621,-0.305941,9.800358,-0.003128,-0.008108,-0.001919
14150000000,0.967888,-0.337482,9.802580,0.006018,0.013163,0.002793
14160000000,0.850268,-0.337056,9.740927,-0.012152,-0.005758,0.011716
14170000000,0.899113,-0.369122,9.871265,0.002490,0.011671,0.002817
14180000000,0.862967,-0.342531,9.707497,0.007939,-0.009436,-0.005384
14190000000,0.869602,-0.359811,9.707298,-0.013359,-0.011232,0.014349
14200000000,0.855529,-0.360027,9.743691,-0.014040,-0.002736,-0.004002
14210000000,0.922333,-0.362050,9.776115,-0.003359,0.003023,0.001735
14220000000,0.817437,-0.404659,9.765265,-0.006641,-0.006353,-0.002246
14230000000,0.912664,-0.340295,9.773848,-0.016555,-0.004883,-0.007294
14240000000,0.724647,-0.343347,9.747713,0.002671,0.004873,0.010617
14250000000,0.841071,-0.452786,9.832294,-0.001318,-0.006282,0.033471
14260000000,0.774914,-0.382782,9.750562,-0.006106,0.014965,0.013894
14270000000,0.868138,-0.382043,9.782916,-0.004418,0.005983,0.004339
14280000000,0.865050,-0.303813,9.698280,0.009380,0.003357,-0.002953
14290000000,0.809280,-0.300300,9.740306,0.007992,0.003503,-0.012377
14300000000,0.832392,-0.374511,9.752994,-0.002378,-0.002818,0.004357
14310000000,0.904603,-0.446354,9.729014,-0.004980,-0.008476,-0.000672
14320000000,0.906986,-0.342689,9.827312,-0.007920,-0.010367,-0.009921
14330000000,0.871586,-0.285283,9.776123,0.008279,-0.012199,-0.011881
14340000000,0.794879,-0.385295,9.856428,0.000610,0.001736,-0.013611
14350000000,0.847132,-0.399845,9.776445,-0.001650,-0.026476,0.009336
14360000000,0.836950,-0.271931,9.743174,0.012662,-0.001995,-0.001792
14370000000,0.841921,-0.330279,9.751238,-0.013937,0.009083,-0.018236
14380000000,0.952058,-0.329341,9.824096,-0.001873,0.015856,-0.005019
14390000000,0.894893,-0.352521,9.673017,0.006258,-0.003568,-0.003604
14400000000,0.909947,-0.253827,9.883698,0.013122,-0.011492,-0.014919
14410000000,0.778341,-0.345738,9.755180,-0.018211,0.004960,0.011346
14420000000,0.884073,-0.291636,9.804553,0.005398,0.000392,0.009167
14430000000,0.882945,-0.345294,9.734897,0.011456,0.005200,-0.006585
14440000000,0.815463,-0.330301,9.802241,-0.004274,0.002861,-0.011975
14450000000,0.826263,-0.329227,9.821216,0.000527,-0.000549,-0.016619
14460000000,0.905622,-0.412797,9.756951,-0.021394,0.012573,0.001818
14470000000,0.863946,-0.315652,9.760698,0.002653,-0.003882,-0.003303
14480000000,0.879175,-0.358998,9.700604,-0.016956,-0.010081,-0.002831
14490000000,0.902223,-0.350961,9.787629,-0.009401,0.008981,-0.005603
14500000000,0.916788,-0.262885,9.725799,0.010781,0.001317,0.006404
14510000000,0.856154,-0.379853,9.817641,0.012849,-0.000150,0.014116
14520000000,0.847585,-0.338157,9.782392,-0.015229,-0.009362,-0.008314
14530000000,0.846976,-0.290586,9.797388,-0.014157,-0.016182,0.016788
14540000000,0.810345,-0.436687,9.755880,0.025489,0.014022,-0.000913
14550000000,0.774164,-0.359686,9.737812,0.013862,-0.004328,0.001770
14560000000,0.870594,-0.380773,9.772362,0.000683,-0.003409,0.019988
14570000000,0.850588,-0.339015,9.774968,-0.017099,0.004448,0.010980
14580000000,0.869452,-0.381990,9.706269,0.008549,-0.007282,0.004211
14590000000,0.799709,-0.316366,9.804062,0.019026,0.008922,0.013724
14600000000,0.847861,-0.348000,9.781863,-0.007332,0.005785,0.003430
14610000000,0.853535,-0.346541,9.758550,0.004141,-0.007795,-0.000742
14620000000,0.785169,-0.346414,9.739364,-0.010255,-0.003607,0.007242
14630000000,0.879165,-0.421186,9.810666,-0.001337,-0.003217,0.003278
14640000000,0.927607,-0.345673,9.768973,0.001402,-0.008002,-0.007781
14650000000,0.911148,-0.427401,9.800433,-0.011166,0.010074,-0.005369
14660000000,0.893878,-0.273460,9.776267,0.007712,-0.011660,-0.009865
14670000000,0.861529,-0.342266,9.815341,-0.011413,-0.003505,0.007726
14680000000,0.816865,-0.376767,9.817925,-0.022288,-0.010999,0.003244
14690000000,0.790316,-0.386664,9.862725,0.005528,0.012117,0.002134
14700000000,0.872389,-0.326473,9.723804,0.005087,-0.001573,0.009181
14710000000,0.762313,-0.286471,9.691432,-0.027521,-0.001626,-0.000814
14720000000,0.880843,-0.369894,9.747046,0.016588,-0.004820,0.006494
14730000000,0.864416,-0.333370,9.791484,-0.004341,0.008893,0.010749
14740000000,0.901076,-0.315562,9.805311,-0.003594,-0.011924,-0.007506
14750000000,0.856267,-0.380021,9.750634,0.028657,-0.007549,-0.020951
14760000000,0.811196,-0.274322,9.761096,-0.009094,0.003598,-0.003662
14770000000,0.859907,-0.330879,9.790924,-0.019377,-0.006082,-0.008409
14780000000,0.917844,-0.357685,9.794390,0.003009,0.007663,0.015153
14790000000,0.797739,-0.366000,9.718505,0.001421,-0.003377,-0.001641
14800000000,0.882035,-0.285004,9.745394,0.023771,-0.001815,0.005236
14810000000,0.906374,-0.347003,9.723351,-0.003596,0.004108,-0.018973
14820000000,0.760305,-0.289723,9.725028,-0.009909,-0.021849,-0.008467
14830000000,0.875091,-0.275944,9.770553,0.016322,-0.011006,-0.007829
14840000000,0.863335,-0.414184,9.771956,0.000479,-0.010574,-0.011852
14850000000,0.846879,-0.345398,9.732169,-0.017458,0.003035,-0.017122
14860000000,0.900663,-0.314816,9.692533,0.002853,0.000674,0.011713
14870000000,0.866633,-0.369562,9.772071,0.000116,0.007351,0.002820
14880000000,0.902827,-0.399641,9.741893,-0.000507,-0.019798,0.014276
14890000000,0.869223,-0.301298,9.718668,0.010120,-0.013229,-0.014421
14900000000,0.918090,-0.204626,9.791128,-0.000069,-0.006090,0.012943
14910000000,0.837581,-0.309556,9.713473,0.007751,0.022719,-0.017860
14920000000,0.849097,-0.425400,9.833384,0.018144,-0.008483,0.001701
14930000000,0.854592,-0.356338,9.759787,-0.006077,-0.002202,0.009839
14940000000,0.785981,-0.256198,9.775495,0.003330,0.017254,0.012994
14950000000,0.835203,-0.387827,9.705598,-0.009295,0.018292,0.001470
14960000000,0.857792,-0.392719,9.782615,0.003134,0.015691,-0.000127
14970000000,0.884083,-0.384491,9.710898,-0.009034,-0.003840,0.006703
14980000000,1.016494,-0.312599,9.731362,0.003077,-0.002118,-0.000168
14990000000,0.833108,-0.349581,9.655452,-0.007051,-0.014484,0.004142
15000000000,0.846525,-0.368009,9.744319,0.006891,-0.009911,-0.017288
15010000000,0.888723,-0.338113,9.708171,-0.011034,0.014055,0.005028
15020000000,0.850829,-0.344704,9.770949,0.007003,-0.003850,-0.001718
15030000000,0.879800,-0.364061,9.690350,-0.009987,-0.010930,0.000655
15040000000,0.817145,-0.305629,9.820126,0.022148,-0.002830,0.003216
15050000000,0.852762,-0.398360,9.740642,0.004457,-0.010729,-0.010554
15060000000,0.827309,-0.332425,9.766133,-0.006776,-0.005170,-0.011264
15070000000,0.930467,-0.328261,9.716571,-0.015586,0.006816,0.002363
15080000000,0.905347,-0.336233,9.864666,-0.004922,-0.000047,0.014150
15090000000,0.810634,-0.338696,9.883801,-0.004760,-0.018088,-0.011520
15100000000,0.894326,-0.331902,9.834327,0.002910,0.003508,-0.002850
15110000000,0.848201,-0.205228,9.756766,0.009561,0.014873,0.009336
15120000000,0.817708,-0.398635,9.660331,0.007069,0.009168,0.000957
15130000000,0.899821,-0.262292,9.739309,-0.002376,-0.002864,0.009348
15140000000,0.837400,-0.277931,9.796062,0.006807,0.010264,0.002141
15150000000,0.765436,-0.322163,9.752020,-0.002760,-0.004537,-0.010713
15160000000,0.872170,-0.283945,9.776883,-0.004666,-0.004413,-0.003047
15170000000,0.904936,-0.313144,9.741158,-0.000366,-0.001347,-0.008140
15180000000,0.815643,-0.333261,9.770761,-0.000183,-0.001462,0.006659
15190000000,0.805928,-0.386441,9.814428,0.011547,-0.002938,-0.007652
15200000000,0.867767,-0.305705,9.848102,-0.006453,0.006723,-0.006057
15210000000,0.830430,-0.302578,9.803527,-0.014543,0.008930,-0.015147
15220000000,0.808179,-0.362195,9.720227,0.005919,0.009839,0.005412
15230000000,0.917953,-0.258369,9.767339,0.002025,-0.005725,0.010366
15240000000,0.832647,-0.353011,9.801766,-0.008278,0.002002,0.002794
15250000000,0.828409,-0.300125,9.799295,0.010199,-0.005812,0.001382
15260000000,0.915879,-0.339777,9.767452,0.001382,0.005909,0.011228
15270000000,0.792149,-0.403786,9.773963,-0.001347,0.007726,-0.003468
15280000000,0.779448,-0.313499,9.765835,0.005385,0.005557,0.000724
15290000000,0.760713,-0.337654,9.732862,0.000885,-0.003787,-0.004894
15300000000,0.885193,-0.242179,9.700224,-0.019772,-0.013496,-0.007301
15310000000,0.860245,-0.414665,9.791419,-0.012285,-0.021971,0.005410
15320000000,0.838150,-0.345043,9.698977,-0.008586,0.003177,-0.002299
15330000000,0.803892,-0.410798,9.789794,0.005321,0.013115,0.011222
15340000000,0.837184,-0.383703,9.784385,-0.005490,-0.011292,-0.013888
15350000000,0.900161,-0.417572,9.744742,0.013256,0.001319,0.001292
15360000000,0.851171,-0.351209,9.732363,0.020034,-0.002719,0.011407
15370000000,0.861922,-0.429005,9.792797,-0.012595,0.008661,0.003107
15380000000,0.859601,-0.284403,9.740231,-0.000702,-0.001971,0.012945
15390000000,0.864817,-0.294694,9.768569,0.011513,0.005140,-0.017787
15400000000,0.877939,-0.322266,9.782910,0.015825,-0.016686,-0.001016
15410000000,0.903185,-0.349953,9.693748,-0.019618,-0.005173,0.001887
15420000000,0.908545,-0.421166,9.788405,0.002235,0.005444,-0.001382
15430000000,0.843509,-0.272363,9.751730,-0.021873,0.004417,-0.003670
15440000000,0.803056,-0.395239,9.737428,0.007718,0.012384,-0.001298
15450000000,0.735537,-0.283816,9.750790,-0.002262,-0.006789,0.009184
15460000000,0.853225,-0.366949,9.812254,0.004112,-0.000006,-0.012283
15470000000,0.766108,-0.294383,9.722828,-0.004779,0.015559,0.010330
15480000000,0.782913,-0.248401,9.710557,-0.001912,-0.006249,0.013908
15490000000,0.906415,-0.382871,9.818830,0.006708,0.018832,0.012601
15500000000,0.862179,-0.427381,9.703259,-0.019147,-0.011277,-0.004333
15510000000,0.841418,-0.335961,9.825283,-0.002832,-0.008156,-0.009887
15520000000,0.879100,-0.402975,9.799510,0.000872,0.000752,-0.003644
15530000000,0.893209,-0.335868,9.821012,-0.011279,-0.014782,-0.006735
15540000000,0.895979,-0.399887,9.717962,-0.018574,0.003622,-0.013051
15550000000,0.810021,-0.309652,9.780800,-0.008161,0.023588,-0.012834
15560000000,0.817976,-0.349055,9.737903,0.004430,-0.016478,0.006289
15570000000,0.807483,-0.442288,9.767781,-0.001902,0.005545,-0.011473
15580000000,0.798435,-0.319208,9.788486,0.000042,0.000373,0.007778
15590000000,0.802693,-0.299004,9.783721,-0.000678,-0.007147,0.001684
15600000000,0.812970,-0.414459,9.784892,-0.023680,-0.000901,0.007001
15610000000,0.830625,-0.268823,9.843033,-0.006366,-0.000344,0.011650
15620000000,0.758418,-0.364238,9.778976,-0.007337,-0.001898,-0.010338
15630000000,0.815469,-0.320400,9.772638,-0.003893,-0.005776,0.008376
15640000000,0.781673,-0.353182,9.741590,0.003341,0.007451,0.006418
15650000000,0.826029,-0.329560,9.771974,-0.003037,-0.007518,0.000627
15660000000,0.832375,-0.316329,9.681459,-0.001916,-0.003280,-0.020670
15670000000,0.822538,-0.400840,9.764058,0.003579,0.000258,-0.000360
15680000000,0.945251,-0.313778,9.738194,-0.013514,-0.008674,-0.007253
15690000000,0.843627,-0.355838,9.867791,0.013944,0.001802,0.019127
15700000000,0.801579,-0.307058,9.737428,-0.000969,-0.009934,-0.021097
15710000000,0.857644,-0.284370,9.762069,-0.014697,0.014510,0.008595
15720000000,0.851929,-0.293143,9.750554,-0.001419,-0.012548,0.000443
15730000000,0.833287,-0.322829,9.682084,0.006209,0.022420,0.009176
15740000000,0.893683,-0.320961,9.695976,-0.028373,-0.003834,0.018334
15750000000,0.875942,-0.304100,9.709774,-0.002242,-0.011858,-0.004854
15760000000,0.857246,-0.343130,9.741061,-0.007199,0.010622,-0.009935
15770000000,0.841163,-0.366625,9.726641,0.000365,0.009344,0.005310
15780000000,0.856285,-0.312216,9.811526,-0.003458,0.016800,0.007525
15790000000,0.790302,-0.358064,9.722323,-0.015769,0.004753,-0.004287
15800000000,0.906945,-0.340165,9.800781,-0.007875,0.001464,-0.003965
15810000000,0.853451,-0.299415,9.763239,-0.018297,-0.012731,0.018567
15820000000,0.894017,-0.236471,9.734376,-0.018405,0.000384,0.003649
15830000000,0.866777,-0.348610,9.688927,0.006697,-0.001422,0.000166
15840000000,0.763760,-0.301121,9.755813,0.001388,0.009621,0.002300
15850000000,0.876368,-0.244642,9.768441,-0.015652,0.012239,-0.010715
15860000000,0.896087,-0.417713,9.860438,-0.004998,-0.008985,0.011495
15870000000,0.808869,-0.276278,9.826303,0.013236,0.005177,0.006727
15880000000,0.871610,-0.357962,9.771388,0.000195,0.018613,-0.000420
15890000000,0.881843,-0.272878,9.762573,0.001542,0.011535,0.001533
15900000000,0.858826,-0.298403,9.642836,0.006203,-0.005867,0.009427
15910000000,0.763346,-0.326122,9.831244,0.000273,0.008196,0.000962
15920000000,0.781480,-0.291512,9.698853,0.017562,-0.005044,-0.004844
15930000000,0.851698,-0.311435,9.784781,0.013706,-0.002108,-0.000291
15940000000,0.819159,-0.369303,9.730529,-0.006743,-0.001695,-0.001227
15950000000,0.877003,-0.462678,9.717893,0.000063,0.000152,-0.013642
15960000000,0.852736,-0.335978,9.766485,-0.012269,-0.008544,0.004654
15970000000,0.795582,-0.323301,9.768715,-0.005926,-0.017236,0.009240
15980000000,0.820959,-0.344142,9.685781,0.007587,0.000697,0.000106
15990000000,0.871214,-0.405777,9.757976,-0.005099,-0.001463,-0.010087
16000000000,0.838887,-0.325158,9.840627,0.004999,-0.010576,-0.002074
16010000000,0.818026,-0.335297,9.758734,0.014203,0.012809,0.011654
16020000000,0.811514,-0.419796,9.781045,-0.000194,-0.003284,0.004878
16030000000,0.884585,-0.321683,9.771253,0.004962,0.000156,0.015809
16040000000,0.788849,-0.252511,9.775248,0.003407,-0.007798,0.004414
16050000000,0.905258,-0.292476,9.800111,-0.010314,0.004087,0.000684
16060000000,0.895586,-0.411870,9.793096,-0.006774,0.020249,-0.003116
16070000000,0.877819,-0.385469,9.692888,0.018169,-0.005725,-0.006962
16080000000,0.881080,-0.338058,9.735965,-0.008550,0.008005,0.014810
16090000000,0.809508,-0.266199,9.840624,-0.007807,-0.008457,-0.016347
16100000000,0.748072,-0.351879,9.711398,-0.006470,-0.002189,-0.006591
16110000000,0.834620,-0.345327,9.757633,-0.000480,0.000844,-0.017562
16120000000,0.853777,-0.288605,9.830518,0.000885,-0.010875,-0.017977
16130000000,0.907609,-0.316976,9.772990,0.006222,-0.009762,-0.005278
16140000000,0.898466,-0.271113,9.711976,0.001756,-0.009049,-0.010661
16150000000,0.883408,-0.321050,9.739549,0.001683,-0.012715,0.015505
16160000000,0.873204,-0.200978,9.803212,0.000266,-0.016167,0.005366
16170000000,0.864328,-0.338117,9.801057,0.014298,-0.017435,-0.008731
16180000000,0.910700,-0.320130,9.766440,-0.005912,0.021961,0.001003
16190000000,0.841893,-0.303760,9.766627,-0.002526,-0.015903,-0.001276
16200000000,0.879727,-0.321074,9.817507,-0.012811,-0.006960,-0.003300
16210000000,0.877047,-0.358778,9.736611,-0.003325,-0.011465,0.000957
16220000000,0.846816,-0.321996,9.659155,0.001494,-0.008577,0.012651
16230000000,0.892935,-0.297619,9.787462,-0.005709,0.011078,0.000449
16240000000,0.840267,-0.401474,9.815287,0.005183,-0.011989,-0.005186
16250000000,0.889123,-0.348462,9.757359,-0.000628,-0.014932,-0.001884
16260000000,0.799874,-0.282051,9.751365,-0.004855,0.006460,0.013432
16270000000,0.873713,-0.366501,9.725497,0.013342,-0.009168,0.002996
16280000000,0.847879,-0.372452,9.787704,-0.010176,0.006608,-0.007105
16290000000,0.854175,-0.293625,9.747396,-0.003926,-0.003602,-0.006568
16300000000,0.877367,-0.294398,9.736865,0.015386,-0.003976,-0.005540
16310000000,0.865756,-0.293441,9.726202,-0.008391,0.018935,-0.015394
16320000000,0.752673,-0.352391,9.850539,0.018983,-0.009938,-0.002782
16330000000,0.885445,-0.287751,9.761889,-0.009214,-0.002490,-0.001291
16340000000,0.839267,-0.309779,9.795756,-0.014187,0.001011,-0.017543
16350000000,0.866515,-0.418446,9.792554,0.018020,-0.002493,-0.005168
16360000000,0.893790,-0.296494,9.777210,-0.003759,0.014322,0.006929
16370000000,0.755916,-0.264000,9.821392,-0.003425,0.005393,-0.010143
16380000000,0.872830,-0.415424,9.751867,-0.001026,0.008647,0.006926
16390000000,0.811630,-0.338243,9.711719,0.022877,0.002386,-0.003824
16400000000,0.794860,-0.367212,9.800700,-0.002295,-0.008903,0.019321
16410000000,0.820636,-0.242724,9.841487,0.010005,-0.011375,0.012353
16420000000,0.781339,-0.300496,9.819970,0.016649,0.010315,0.004440
16430000000,0.870976,-0.366824,9.692339,-0.010597,-0.003739,0.017643
16440000000,0.836782,-0.435419,9.827777,-0.003707,-0.001633,-0.011042
16450000000,0.939070,-0.314935,9.782843,-0.029794,0.009641,0.003506
16460000000,0.797937,-0.448069,9.773491,0.009925,0.001194,-0.009333
16470000000,0.778216,-0.321449,9.848929,-0.008238,0.003714,-0.014493
16480000000,0.970852,-0.424595,9.764645,0.003769,0.005105,0.014604
16490000000,0.851105,-0.317531,9.673834,-0.017091,-0.009980,-0.001806
16500000000,0.920268,-0.315684,9.718302,0.006914,-0.012807,-0.028138
16510000000,0.929393,-0.356638,9.768229,-0.002539,0.008754,0.003997
16520000000,0.869957,-0.423309,9.711121,-0.001945,-0.013433,-0.001760
16530000000,0.857375,-0.375517,9.886472,-0.002255,-0.010757,-0.005679
16540000000,0.903013,-0.365317,9.805227,-0.004017,0.005641,0.005959
16550000000,0.914728,-0.395906,9.793853,-0.013382,0.013541,-0.005240
16560000000,0.851623,-0.318123,9.792789,-0.008305,0.001737,-0.015160
16570000000,0.829144,-0.345987,9.817055,0.008715,-0.006834,0.002969
16580000000,0.787162,-0.353813,9.768018,0.026785,0.013302,-0.003602
16590000000,0.884162,-0.379445,9.744961,0.029888,0.015148,0.009237
16600000000,0.927335,-0.369525,9.773147,-0.006827,-0.014447,-0.010169
16610000000,0.838219,-0.286762,9.794033,0.009389,0.005909,0.001198
16620000000,0.860710,-0.274551,9.762871,-0.017410,-0.019341,0.007030
16630000000,0.826512,-0.411260,9.765125,0.005573,0.007765,-0.005167
16640000000,0.824991,-0.416533,9.739819,-0.002505,-0.000422,-0.002979
16650000000,0.776704,-0.226208,9.671019,0.005118,0.003162,-0.015702
16660000000,0.897524,-0.389877,9.799754,-0.002429,0.007100,-0.000685
16670000000,0.884959,-0.358825,9.744753,0.001430,-0.000451,-0.003573
16680000000,0.824220,-0.316497,9.780296,0.018857,0.007622,0.013866
16690000000,0.891927,-0.281654,9.755440,0.001586,0.000647,0.002860
16700000000,0.847605,-0.363792,9.753378,-0.005511,0.005971,0.009760
16710000000,0.922475,-0.416528,9.863925,0.018997,0.016589,0.008634
16720000000,0.879182,-0.321087,9.785377,0.002966,0.000921,0.001840
16730000000,0.914057,-0.338952,9.770237,0.001792,-0.005745,0.012033
16740000000,0.937868,-0.235352,9.775136,0.010769,-0.001221,0.019842
16750000000,0.835372,-0.378798,9.863532,0.013681,-0.001448,-0.009174
16760000000,0.863200,-0.338372,9.861340,0.014895,-0.004745,0.004472
16770000000,0.770787,-0.358235,9.791561,0.001787,0.005247,0.006793
16780000000,0.838044,-0.303660,9.827596,0.007355,-0.005617,-0.012856
16790000000,0.830387,-0.340632,9.719866,-0.002682,0.000095,0.012018
16800000000,0.862980,-0.319812,9.791076,-0.004570,0.010317,0.004677
16810000000,0.884430,-0.281371,9.797649,0.020553,-0.006428,-0.013231
16820000000,0.866829,-0.404344,9.659988,0.000748,0.000398,-0.002527
16830000000,0.862913,-0.256360,9.751021,0.001065,0.000351,0.009053
16840000000,0.927742,-0.276338,9.756742,0.003032,-0.001148,-0.003153
16850000000,0.869062,-0.285191,9.817022,-0.022373,-0.002901,-0.001832
16860000000,0.825527,-0.296414,9.810502,-0.019151,-0.009460,-0.012894
16870000000,0.848241,-0.373044,9.821925,0.004226,0.010504,-0.015056
16880000000,0.904982,-0.325067,9.777169,0.004087,0.002406,0.003427
16890000000,0.933545,-0.305596,9.762714,-0.006398,-0.008729,-0.005045
16900000000,0.873764,-0.313457,9.789645,-0.003749,0.002360,-0.005452
16910000000,0.846789,-0.337861,9.745834,-0.006891,-0.013304,0.017510
16920000000,0.799426,-0.344404,9.841920,-0.017491,-0.007082,-0.006410
16930000000,0.833826,-0.363964,9.744370,0.000296,-0.004689,0.000623
16940000000,0.781068,-0.359359,9.659541,-0.003368,-0.007828,-0.009286
16950000000,0.886805,-0.408359,9.726033,-0.012749,0.005161,0.007145
16960000000,0.799101,-0.347350,9.781304,-0.000220,0.002874,-0.008343
16970000000,0.777140,-0.225964,9.847182,0.002341,0.015869,0.006716
16980000000,0.852724,-0.372020,9.856145,-0.002939,0.010105,0.013129
16990000000,0.775375,-0.289846,9.761050,-0.000357,0.000366,-0.004727
17000000000,0.936781,-0.353511,9.862359,0.006010,-0.002311,0.025920
17010000000,0.790171,-0.331105,9.839067,0.003086,0.003584,0.005844
17020000000,0.907031,-0.418213,9.787932,0.007784,0.006846,0.032214
17030000000,0.841306,-0.319207,9.728142,0.000938,0.003775,-0.002583
17040000000,0.785054,-0.435207,9.714785,-0.008069,-0.002039,0.000428
17050000000,0.792430,-0.368809,9.772546,-0.007868,0.002506,-0.004967
17060000000,0.862702,-0.344075,9.675719,0.002598,0.002440,0.003518
17070000000,0.794828,-0.394922,9.731015,-0.008627,0.001397,0.006413
17080000000,0.826165,-0.397118,9.819771,0.004362,-0.015957,0.001707
17090000000,0.859186,-0.393141,9.777397,-0.006571,-0.003090,0.007396
17100000000,0.919152,-0.323111,9.765870,-0.018386,0.006096,0.004376
17110000000,0.767508,-0.340934,9.744651,-0.021307,-0.032165,-0.003956
17120000000,0.853307,-0.364007,9.781660,0.001675,0.001437,0.001657
17130000000,0.779983,-0.296924,9.749560,-0.013227,0.015187,-0.013018
17140000000,0.815422,-0.359134,9.790668,0.000842,-0.012845,-0.011137
17150000000,0.838431,-0.332651,9.755900,0.007261,-0.014278,0.007630
17160000000,0.916233,-0.353538,9.829896,-0.003238,-0.007337,-0.006863
17170000000,0.932213,-0.357025,9.739752,0.010316,-0.007071,0.004699
17180000000,0.826102,-0.305864,9.671785,-0.008181,-0.009414,-0.007789
17190000000,0.901555,-0.276956,9.771916,-0.017608,0.019082,-0.021797
17200000000,0.865843,-0.275520,9.687721,0.006773,0.008648,-0.008504
17210000000,0.832893,-0.379584,9.776513,-0.021357,-0.008092,0.005169
17220000000,0.869203,-0.314719,9.759852,-0.006217,-0.000878,0.000810
17230000000,0.865424,-0.300402,9.757539,-0.007235,-0.030791,-0.006947
17240000000,0.855590,-0.372994,9.710696,-0.009370,0.005637,0.012414
17250000000,0.879697,-0.311768,9.774431,-0.002206,-0.008957,-0.006992
17260000000,0.803087,-0.403979,9.755214,0.008398,0.001451,-0.002150
17270000000,0.873421,-0.417227,9.745234,-0.008062,-0.007318,-0.005573
17280000000,0.761290,-0.366598,9.783298,0.005254,-0.002153,-0.006781
17290000000,0.846410,-0.325512,9.763947,0.008579,0.001499,-0.006710
17300000000,0.844784,-0.245349,9.794321,0.002652,-0.009785,-0.003176
17310000000,0.868020,-0.415602,9.689440,-0.000491,0.004617,-0.009344
17320000000,0.791058,-0.428430,9.851354,-0.024562,-0.011170,0.000410
17330000000,0.845933,-0.344071,9.703186,-0.003604,-0.011464,-0.018208
17340000000,0.847189,-0.328376,9.831942,-0.007119,-0.005982,-0.002642
17350000000,0.800355,-0.348646,9.774743,-0.000744,0.004889,0.014637
17360000000,0.725580,-0.339852,9.775554,0.003890,0.015579,0.021330
17370000000,0.871383,-0.296913,9.805248,-0.015736,-0.021603,-0.011615
17380000000,0.873948,-0.373006,9.860678,-0.007889,0.002754,-0.003991
17390000000,0.739265,-0.443046,9.703695,-0.005342,0.004094,-0.019222
17400000000,0.813824,-0.345812,9.779928,0.020664,0.006901,-0.003198
17410000000,0.961707,-0.429726,9.808354,0.012652,-0.000629,0.000842
17420000000,0.800110,-0.271559,9.733705,0.012780,-0.006476,-0.013216
17430000000,0.896055,-0.257022,9.725223,0.001283,-0.019063,-0.002961
17440000000,0.885627,-0.263889,9.744360,0.007734,-0.003264,0.008760
17450000000,0.785768,-0.371788,9.764437,0.001840,-0.016810,-0.015216
17460000000,0.857070,-0.309966,9.724135,0.006854,0.001002,-0.033524
17470000000,0.873387,-0.273617,9.788630,0.015140,0.006173,0.012196
17480000000,0.931807,-0.407328,9.734548,0.007233,0.012170,0.000177
17490000000,0.817446,-0.367852,9.815967,-0.003787,-0.003492,-0.003041
17500000000,0.828023,-0.386440,9.809908,-0.015037,0.000118,-0.006332
17510000000,0.887501,-0.373390,9.811661,-0.004073,-0.000630,-0.001966
17520000000,0.916078,-0.400590,9.765360,0.000493,-0.003595,0.011629
17530000000,0.903390,-0.371431,9.821942,0.010101,0.013562,-0.003210
17540000000,0.828309,-0.394644,9.717834,-0.004133,0.011169,0.000164
17550000000,0.806453,-0.362121,9.804173,0.016997,0.005971,-0.006346
17560000000,0.839870,-0.397729,9.790998,0.005702,0.005185,-0.014954
17570000000,0.862661,-0.430218,9.822916,0.004704,0.004540,0.013380
17580000000,0.831633,-0.370716,9.811584,0.011776,0.016679,-0.006362
17590000000,0.811405,-0.270622,9.891521,-0.005050,0.008421,0.003434
17600000000,0.813419,-0.331546,9.844616,0.000038,-0.000464,0.006263
17610000000,0.854893,-0.300833,9.807055,-0.000397,0.001490,0.010516
17620000000,0.891817,-0.332443,9.759225,-0.006343,0.000179,0.006637
17630000000,0.893107,-0.387539,9.815810,-0.000282,0.007161,0.002268
17640000000,0.900968,-0.378927,9.873753,0.001240,-0.013549,-0.003622
17650000000,0.849740,-0.364493,9.731793,-0.004621,0.008412,-0.002296
17660000000,0.940633,-0.351317,9.673065,-0.005417,-0.004154,-0.007524
17670000000,0.786348,-0.384350,9.814078,-0.004634,-0.007529,-0.003078
17680000000,0.760394,-0.305876,9.736187,0.004385,0.001439,0.005283
17690000000,0.855441,-0.363292,9.703994,0.001311,-0.002550,-0.009637
17700000000,0.780095,-0.300643,9.714890,0.013799,0.001381,-0.015589
17710000000,0.857554,-0.347884,9.830418,0.002239,-0.001427,0.004622
17720000000,0.862908,-0.236619,9.802079,0.025107,0.007270,-0.015212
17730000000,0.890529,-0.312462,9.753576,0.001013,0.002624,0.012939
17740000000,0.938109,-0.330223,9.757128,-0.009182,0.017346,-0.002184
17750000000,0.882826,-0.311325,9.694041,0.000387,-0.015700,-0.002841
17760000000,0.811143,-0.346848,9.789344,-0.010809,0.016980,-0.001891
17770000000,0.891348,-0.312778,9.772506,-0.001741,-0.003428,0.003379
17780000000,0.865881,-0.370806,9.739098,-0.021140,-0.001035,0.001713
17790000000,0.857933,-0.331924,9.733633,0.002137,-0.008158,-0.024656
17800000000,0.847428,-0.357647,9.831080,0.012029,-0.007748,0.002384
17810000000,0.779332,-0.331157,9.754963,0.017406,0.002963,-0.005081
17820000000,0.852485,-0.379509,9.718456,0.011400,-0.014660,0.000649
17830000000,0.819120,-0.261103,9.731128,-0.006070,0.010530,0.000695
17840000000,0.874764,-0.359451,9.702995,0.017456,-0.000531,0.002033
17850000000,0.868873,-0.364413,9.799367,-0.009085,0.000058,-0.003944
17860000000,0.883620,-0.349973,9.787317,0.003333,-0.001856,-0.010932
17870000000,0.919439,-0.389167,9.807607,-0.012674,-0.003106,-0.004978
17880000000,0.773265,-0.322872,9.765255,-0.002472,0.017159,-0.006752
17890000000,0.794882,-0.390867,9.773273,-0.009102,-0.000759,0.009401
17900000000,0.857640,-0.277726,9.768841,0.008700,-0.000005,-0.016170
17910000000,0.849887,-0.337380,9.792992,0.011405,0.014385,0.004476
17920000000,0.858271,-0.319149,9.716630,-0.014674,-0.000288,-0.007045
17930000000,0.858851,-0.231721,9.813918,-0.013599,-0.012045,0.006000
17940000000,0.878847,-0.339284,9.769969,0.013909,0.012068,0.009806
17950000000,0.850917,-0.325447,9.754846,-0.009553,-0.016228,0.001762
17960000000,0.810697,-0.247091,9.755665,0.004626,-0.008777,-0.000758
17970000000,0.865000,-0.363510,9.802026,-0.010714,-0.002933,-0.007597
17980000000,0.884941,-0.297195,9.756762,0.009330,-0.000878,-0.009650
17990000000,0.874416,-0.320145,9.742558,0.004770,-0.014870,-0.004192
18000000000,0.830015,-0.342633,9.832791,-0.011308,0.012529,-0.018168
18010000000,0.858415,-0.393595,9.807803,-0.017362,-0.014191,-0.011241
18020000000,0.927907,-0.384489,9.753427,-0.001314,-0.004507,-0.004520
18030000000,0.815271,-0.266743,9.704659,0.007333,0.002107,0.008472
18040000000,0.795230,-0.328761,9.760674,0.014884,0.001787,-0.012155
18050000000,0.985757,-0.366386,9.804130,-0.013025,0.010485,0.004952
18060000000,0.832841,-0.226924,9.832930,0.008182,0.009313,0.006189
18070000000,0.816022,-0.379816,9.722339,0.004790,0.003845,-0.005738
18080000000,0.842891,-0.343953,9.762523,0.020999,0.000951,0.002511
18090000000,0.795233,-0.391765,9.807155,-0.008461,0.010147,0.012159
18100000000,0.865113,-0.306275,9.767496,0.011429,-0.008892,0.017609
18110000000,0.798253,-0.497195,9.705520,-0.008517,-0.020672,-0.006846
18120000000,0.777003,-0.340981,9.794674,-0.001557,-0.001961,0.006380
18130000000,0.767163,-0.382315,9.772922,-0.003681,-0.004540,0.021357
18140000000,0.845381,-0.387632,9.822567,0.007107,0.005004,-0.007219
18150000000,0.867381,-0.349380,9.739611,-0.006861,0.011964,-0.002700
18160000000,0.919221,-0.412710,9.836064,-0.006222,0.006515,-0.001415
18170000000,0.890391,-0.355584,9.764083,0.012457,0.008033,0.002940
18180000000,0.896775,-0.327913,9.721233,0.003139,-0.006526,0.004193
18190000000,0.889328,-0.383420,9.890387,-0.027951,-0.004333,0.016390
18200000000,0.793756,-0.332853,9.812369,0.006166,-0.002667,-0.010927
18210000000,0.901418,-0.312167,9.740107,-0.002545,-0.002114,0.002619
18220000000,0.812008,-0.395156,9.814240,-0.007755,0.001638,-0.011742
18230000000,0.886393,-0.281633,9.784928,-0.003936,-0.003657,0.002019
18240000000,0.909974,-0.328261,9.890763,-0.003026,-0.006483,0.007420
18250000000,0.865433,-0.364686,9.747979,0.014509,-0.006773,0.002170
18260000000,0.839805,-0.285822,9.770006,0.011426,0.002455,0.018929
18270000000,0.832286,-0.319741,9.784871,0.006119,-0.018149,-0.012153
18280000000,0.921262,-0.368655,9.668648,0.021446,-0.009823,-0.023286
18290000000,0.879557,-0.360580,9.721830,0.007136,0.004169,-0.005946
18300000000,0.958841,-0.427548,9.802791,-0.006566,0.003041,-0.012883
18310000000,0.867029,-0.333796,9.825442,-0.012003,-0.012182,-0.008207
18320000000,0.867887,-0.338443,9.759003,0.016490,-0.013783,-0.002089
18330000000,0.942911,-0.304519,9.734540,0.009313,0.014797,-0.003609
18340000000,0.864009,-0.294711,9.789330,0.005851,-0.001478,0.021663
18350000000,0.825618,-0.360721,9.775323,0.001584,-0.002690,-0.014194
18360000000,0.865436,-0.384312,9.722356,-0.010555,-0.002638,0.010381
18370000000,0.813404,-0.351316,9.859557,-0.011883,0.008028,0.009747
18380000000,0.842430,-0.321489,9.807902,0.002325,-0.006205,-0.002439
18390000000,0.829693,-0.330999,9.760271,-0.014223,-0.009791,0.013166
18400000000,0.869106,-0.353749,9.644257,0.008397,0.006529,-0.011808
18410000000,0.829472,-0.373924,9.759436,0.000465,-0.000898,0.002010
18420000000,0.899649,-0.291632,9.748256,0.024584,-0.000232,0.001259
18430000000,0.917310,-0.381039,9.773219,-0.002850,-0.012115,0.002224
18440000000,0.840239,-0.292766,9.712022,-0.009084,-0.010463,0.006726
18450000000,0.887008,-0.247420,9.769885,0.013195,0.009865,0.007934
18460000000,0.918999,-0.333620,9.846591,-0.003982,0.009324,0.001810
18470000000,0.800291,-0.366598,9.769832,-0.003775,-0.013725,-0.001652
18480000000,0.828268,-0.359144,9.719361,-0.000099,0.014075,-0.007541
18490000000,0.885017,-0.322201,9.771167,0.014483,0.009763,-0.004425
18500000000,0.868111,-0.402796,9.737652,0.013384,0.002835,0.002509
18510000000,0.890980,-0.368655,9.785105,-0.000816,-0.010226,-0.015371
18520000000,0.901784,-0.417943,9.727059,0.007597,0.004320,-0.014975
18530000000,0.816594,-0.306937,9.717872,-0.010404,-0.010892,-0.003200
18540000000,0.836761,-0.371009,9.835148,0.002917,0.004187,0.002731
18550000000,0.858940,-0.276431,9.804004,0.000552,0.012993,0.003665
18560000000,0.847287,-0.432099,9.775270,0.016502,-0.001948,-0.004397
18570000000,0.804361,-0.362315,9.763700,-0.006815,-0.009140,0.017766
18580000000,0.909579,-0.347026,9.760386,0.016785,-0.012592,0.000741
18590000000,0.902587,-0.343456,9.710440,0.003116,0.007104,0.001046
18600000000,0.892599,-0.337067,9.843007,-0.003431,-0.005314,0.008895
18610000000,0.925063,-0.250689,9.707144,0.005548,0.005591,-0.010867
18620000000,0.868472,-0.436948,9.741452,-0.004256,0.003556,0.024528
18630000000,0.880779,-0.382854,9.754555,0.008628,-0.001380,0.009987
18640000000,0.895508,-0.234005,9.756903,-0.013659,-0.002400,0.013892
18650000000,0.876211,-0.373756,9.756086,0.007635,-0.008576,0.003780
18660000000,0.865560,-0.298553,9.749747,-0.010623,-0.001481,0.004894
18670000000,0.856358,-0.296058,9.700859,0.002617,-0.008737,0.001740
18680000000,0.921329,-0.325902,9.786789,0.001973,-0.016111,-0.000310
18690000000,0.843041,-0.350680,9.713695,-0.006287,0.016483,0.011998
18700000000,0.864363,-0.365352,9.752297,-0.002742,-0.009737,0.002037
18710000000,0.867855,-0.293659,9.693567,-0.007202,0.018509,0.015894
18720000000,0.971609,-0.387662,9.774529,-0.003216,0.001716,0.009166
18730000000,0.893912,-0.303880,9.782637,-0.009557,0.015437,0.001833
18740000000,0.826015,-0.449175,9.813528,-0.005130,0.005930,0.015500
18750000000,0.871049,-0.414097,9.800203,0.001699,0.006854,0.008178
18760000000,0.796807,-0.407311,9.695435,0.001055,-0.007467,0.005520
18770000000,0.902131,-0.409879,9.761769,-0.018670,0.000469,0.001113
18780000000,0.854017,-0.405019,9.738488,-0.002992,0.002013,0.001572
18790000000,0.929799,-0.321225,9.742340,-0.000083,-0.003724,-0.003263
18800000000,0.881890,-0.353853,9.766768,-0.000613,0.014980,0.007907
18810000000,0.851156,-0.280383,9.847861,-0.008418,-0.005389,0.013618
18820000000,0.831635,-0.370119,9.777712,0.002651,0.000290,-0.007814
18830000000,0.906349,-0.287265,9.787745,0.002568,-0.008004,0.000268
18840000000,0.850186,-0.308096,9.740693,0.001996,-0.001439,-0.007428
18850000000,0.870308,-0.318489,9.770931,0.002362,0.003090,0.012403
18860000000,0.845573,-0.402058,9.749133,0.004478,0.006925,0.001679
18870000000,0.904327,-0.354339,9.720827,-0.009871,0.011540,-0.022751
18880000000,0.885404,-0.437623,9.726473,0.014604,0.001757,-0.004443
18890000000,0.910752,-0.320530,9.819182,-0.015629,0.032315,-0.005764
18900000000,0.909759,-0.326034,9.759569,-0.000951,0.008793,0.017107
18910000000,0.834538,-0.382807,9.838656,-0.009821,0.030280,0.001985
18920000000,0.831237,-0.279014,9.787829,0.011068,-0.013583,0.008090
18930000000,0.846855,-0.416392,9.797064,0.003227,0.019219,0.007407
18940000000,0.892428,-0.361904,9.755139,0.002674,-0.000354,0.018215
18950000000,0.791691,-0.422923,9.700635,0.006560,0.006008,-0.017171
18960000000,0.783707,-0.396132,9.713330,0.005198,-0.003125,-0.000200
18970000000,0.834872,-0.321133,9.824613,-0.022099,0.005620,0.019572
18980000000,0.755507,-0.283582,9.837499,-0.015136,0.002262,0.009084
18990000000,0.869676,-0.250615,9.739099,0.002855,-0.001591,-0.000804
19000000000,0.934190,-0.378764,9.757115,0.009739,-0.003541,-0.003036
19010000000,0.895984,-0.295490,9.799896,-0.007966,0.002371,-0.010023
19020000000,0.806788,-0.330107,9.742988,0.014476,-0.000511,0.011812
19030000000,0.816292,-0.398263,9.719798,-0.007397,-0.010885,-0.015592
19040000000,0.849056,-0.421392,9.809185,0.014745,0.006420,0.000487
19050000000,0.836852,-0.415590,9.808236,0.017449,0.007346,0.009123
19060000000,0.804448,-0.374950,9.825299,-0.020144,-0.024578,0.007183
19070000000,0.783242,-0.339245,9.762729,-0.000122,-0.030624,-0.000313
19080000000,0.810625,-0.432228,9.791709,-0.004699,-0.008877,-0.004235
19090000000,0.826957,-0.286838,9.812586,-0.004380,0.002377,0.002106
19100000000,0.832397,-0.307221,9.786042,0.004523,-0.011990,-0.003783
19110000000,0.880175,-0.328337,9.759500,0.004715,0.012134,0.014240
19120000000,0.911801,-0.405726,9.734973,-0.002611,0.002242,-0.001692
19130000000,0.890731,-0.301185,9.790499,0.010166,-0.006387,0.010429
19140000000,0.830176,-0.341357,9.803999,0.010646,-0.001356,-0.003642
19150000000,0.882151,-0.257394,9.682442,0.000762,0.005508,0.033374
19160000000,0.893380,-0.318053,9.734502,-0.010105,0.014623,-0.008994
19170000000,0.920788,-0.377215,9.852075,0.008211,0.000753,0.011667
19180000000,0.914446,-0.377221,9.810242,0.012375,0.004599,-0.001346
19190000000,0.914781,-0.345616,9.770088,0.005181,0.010454,-0.000623
19200000000,0.845037,-0.306147,9.758814,0.011189,0.008532,-0.008097
19210000000,0.822681,-0.303431,9.820299,-0.018155,0.001643,-0.003665
19220000000,0.859100,-0.391676,9.738539,-0.008722,-0.009189,0.006702
19230000000,0.874875,-0.269571,9.789813,0.020400,0.024571,0.000024
19240000000,0.892679,-0.332652,9.754815,-0.002799,-0.015447,-0.004626
19250000000,0.873894,-0.319150,9.771249,0.006025,0.006114,0.013028
19260000000,0.871720,-0.342658,9.768032,0.004892,-0.007001,-0.005764
19270000000,0.843447,-0.353723,9.761775,0.004006,-0.002803,0.002343
19280000000,0.869671,-0.296746,9.779299,-0.003330,-0.009160,0.010242
19290000000,0.831099,-0.260047,9.792140,0.006658,0.000260,-0.013206
19300000000,0.821358,-0.364288,9.749932,-0.011232,0.003640,0.022667
19310000000,0.923207,-0.290579,9.784904,-0.002914,-0.003185,0.008205
19320000000,0.894300,-0.330106,9.600437,-0.025043,0.008281,0.012136
19330000000,0.895591,-0.254602,9.780491,-0.012236,0.018549,0.005476
19340000000,0.869293,-0.325498,9.678514,0.024940,0.009893,-0.016342
19350000000,0.854177,-0.325521,9.857608,-0.007811,-0.013082,0.013045
19360000000,0.893570,-0.216908,9.742176,-0.001569,0.015450,0.014672
19370000000,0.795588,-0.317415,9.795799,0.004783,0.019446,0.005507
19380000000,0.742171,-0.214387,9.765681,-0.008511,0.003676,0.000169
19390000000,0.835884,-0.338613,9.782832,0.010638,-0.001043,0.019103
19400000000,0.879851,-0.427278,9.819715,0.004028,0.005429,-0.010006
19410000000,0.914411,-0.430274,9.806087,-0.005490,0.006534,-0.000625
19420000000,0.933905,-0.354466,9.731579,0.002340,0.012043,-0.001909
19430000000,0.943690,-0.334036,9.779068,-0.011220,-0.001595,0.015906
19440000000,0.920836,-0.351891,9.745296,-0.012006,-0.006833,0.010324
19450000000,0.832926,-0.265664,9.764485,-0.001344,0.002180,-0.023762
19460000000,0.855635,-0.326046,9.738109,-0.000170,-0.013644,0.006816
19470000000,0.832953,-0.339396,9.687543,0.016001,-0.016931,0.000250
19480000000,0.828288,-0.413977,9.777416,0.007040,-0.015429,-0.012455
19490000000,0.840586,-0.387622,9.896026,0.010279,0.009727,-0.008628
19500000000,0.832232,-0.350413,9.829808,0.003263,0.015349,-0.013343
19510000000,0.850753,-0.310478,9.800241,-0.002966,-0.001750,-0.010579
19520000000,0.857563,-0.277000,9.875545,-0.008685,0.004974,-0.001777
19530000000,0.851016,-0.344069,9.683055,0.004558,0.010039,-0.016727
19540000000,0.738143,-0.354504,9.737731,0.008929,-0.012865,0.001034
19550000000,0.932034,-0.388439,9.758332,-0.005339,0.008972,0.006355
19560000000,0.911598,-0.344241,9.710793,-0.008618,0.008732,-0.006394
19570000000,0.842521,-0.320547,9.726473,0.011557,-0.015979,-0.010297
19580000000,0.884069,-0.310905,9.807200,0.003268,-0.012887,-0.009586
19590000000,0.946693,-0.322188,9.758735,0.016089,-0.002020,-0.016043
19600000000,0.848886,-0.345559,9.726883,-0.014680,-0.004782,-0.016483
19610000000,0.857135,-0.320292,9.820703,-0.007055,-0.003706,-0.000093
19620000000,0.838280,-0.370261,9.782025,-0.002234,-0.002047,0.003734
19630000000,0.799465,-0.317257,9.691846,-0.016349,-0.020905,-0.009566
19640000000,0.907389,-0.384122,9.837922,-0.022759,0.004113,0.005299
19650000000,0.848447,-0.324171,9.670063,0.010071,0.016610,0.005363
19660000000,0.860162,-0.372228,9.794269,-0.009942,-0.002106,-0.006585
19670000000,0.884323,-0.368047,9.639977,0.010386,0.001223,-0.021586
19680000000,0.914119,-0.402827,9.832077,-0.015178,-0.010956,0.013612
19690000000,0.820027,-0.385617,9.813512,0.003219,-0.010720,0.004314
19700000000,0.850513,-0.268378,9.858232,-0.004933,0.010554,-0.005677
19710000000,0.831948,-0.284518,9.662499,-0.001954,0.008892,-0.007604
19720000000,0.918275,-0.441260,9.833036,-0.017231,-0.015734,0.002616
19730000000,0.865356,-0.346955,9.799518,-0.004940,-0.012802,0.010088
19740000000,0.828166,-0.364880,9.766524,-0.010679,-0.013258,0.009701
19750000000,0.927548,-0.377190,9.879105,-0.017102,-0.000667,-0.015415
19760000000,0.872505,-0.376245,9.824681,0.004910,-0.002313,-0.004308
19770000000,0.814650,-0.380357,9.827477,-0.006612,-0.010127,-0.011467
19780000000,0.863740,-0.309155,9.716985,0.008219,-0.010539,-0.002267
19790000000,0.871858,-0.400461,9.708379,-0.001209,-0.015920,-0.012505
19800000000,0.876776,-0.370111,9.797068,0.007904,-0.002077,0.022340
19810000000,0.872211,-0.338403,9.754072,-0.019038,-0.006823,-0.004956
19820000000,0.835570,-0.375619,9.682770,0.019453,-0.006632,-0.002489
19830000000,0.803748,-0.312154,9.838908,0.009975,-0.000226,0.012091
19840000000,0.908891,-0.349744,9.763896,0.015244,0.011718,0.011858
19850000000,0.894032,-0.324461,9.793079,0.002960,-0.001247,0.001846
19860000000,0.856546,-0.407884,9.855980,0.001131,-0.012197,0.006143
19870000000,0.789338,-0.188050,9.723816,-0.012351,0.012685,-0.006907
19880000000,0.918529,-0.291598,9.753409,0.004874,-0.005469,0.001250
19890000000,0.801098,-0.344013,9.773813,0.004343,-0.001228,-0.004165
19900000000,0.797242,-0.346016,9.769732,0.012849,-0.020971,0.006965
19910000000,0.847954,-0.362066,9.673986,0.011324,0.001339,-0.009498
19920000000,0.878614,-0.269902,9.763105,0.003389,0.015949,0.019012
19930000000,0.873016,-0.365073,9.759901,-0.005147,-0.003507,-0.003989
19940000000,0.806784,-0.384026,9.791739,-0.013303,-0.020380,-0.020031
19950000000,0.873124,-0.374286,9.699550,0.006690,-0.007446,-0.013498
19960000000,0.837315,-0.310015,9.719047,0.001959,0.000464,-0.008021
19970000000,0.882301,-0.298504,9.728271,-0.001502,0.006614,-0.014609
19980000000,0.815398,-0.358467,9.745133,-0.004852,-0.014083,-0.004304
19990000000,0.869074,-0.392699,9.782796,0.004485,0.002525,0.004667
